,project,Dynamic Baseline BATCHBISECT,BATCHBISECT random_linear -1.0,BATCHBISECT exponential 2.0,BATCHBISECT stagger 2.0,BATCHBISECT random_exponential -1.0,BATCHBISECT linear 2.0,BATCHBISECT random_random -1.0,BATCHBISECT linear 4.0,BATCHBISECT linear 1.0,BATCHBISECT stagger 3.0,BATCHBISECT linear 3.0,BATCHBISECT stagger_mfu 2.0,BATCHBISECT stagger_mfu 3.0,BATCHBISECT exponential 3.0,Dynamic Baseline BATCHSTOP4,BATCHSTOP4 linear 2.0,BATCHSTOP4 exponential 3.0,BATCHSTOP4 stagger_mfu 3.0,BATCHSTOP4 random_exponential -1.0,BATCHSTOP4 linear 3.0,BATCHSTOP4 linear 4.0,BATCHSTOP4 random_random -1.0,BATCHSTOP4 random_linear -1.0,BATCHSTOP4 stagger_mfu 2.0,BATCHSTOP4 exponential 2.0,BATCHSTOP4 linear 1.0,BATCHSTOP4 stagger 2.0,BATCHSTOP4 stagger 3.0,Dynamic Baseline BATCHDIVIDE4,BATCHDIVIDE4 stagger_mfu 3.0,BATCHDIVIDE4 linear 1.0,BATCHDIVIDE4 random_exponential -1.0,BATCHDIVIDE4 linear 3.0,BATCHDIVIDE4 linear 4.0,BATCHDIVIDE4 stagger 2.0,BATCHDIVIDE4 random_linear -1.0,BATCHDIVIDE4 linear 2.0,BATCHDIVIDE4 exponential 3.0,BATCHDIVIDE4 stagger 3.0,BATCHDIVIDE4 stagger_mfu 2.0,BATCHDIVIDE4 random_random -1.0,BATCHDIVIDE4 exponential 2.0
0,puniverse-quasar.csv,40.94052558782849,34.80866758875058,38.773628400184414,39.46519133241125,37.25218994928539,41.26325495620102,37.71323190410328,41.77040110650069,41.07883817427386,40.0645458736745,39.55739972337483,39.37298294144768,39.23467035500231,39.92623328722914,45.08990318118949,49.83863531581374,49.10096818810512,47.57952973720609,47.76394651913324,47.02627939142462,50.85292761641309,45.78146611341632,48.363301060396495,47.16459197786999,44.49054863992623,48.59382203780544,46.51913324112494,48.04057169202397,46.334716459197786,42.738589211618255,42.09313047487321,43.706777316735824,40.94052558782849,41.67819271553712,40.24896265560166,41.49377593360996,42.369755647763945,49.05486399262333,42.60027662517289,40.710004610419546,39.41908713692946,39.46519133241125
1,caelum-vraptor4.csv,34.82905982905983,33.2944832944833,35.178710178710176,36.22766122766123,33.5081585081585,35.83916083916084,35.12043512043512,35.8003108003108,36.48018648018648,36.34421134421135,36.22766122766123,35.178710178710176,35.58663558663558,37.17948717948718,38.67521367521367,43.3954933954934,44.172494172494176,41.977466977466975,41.8026418026418,42.773892773892776,44.34731934731935,42.44366744366744,41.62781662781663,40.287490287490286,39.21911421911422,43.783993783993786,40.345765345765344,42.0940170940171,40.17094017094017,36.44133644133644,39.84071484071484,40.03496503496503,37.665112665112666,38.32556332556332,35.31468531468532,37.50971250971251,37.76223776223776,43.997668997669,36.75213675213675,35.02331002331002,35.54778554778555,34.6930846930847
2,geotools-geotools.csv,61.6751269035533,62.75380710659898,63.00761421319797,62.81725888324873,63.38832487309645,64.46700507614213,63.19796954314721,63.45177664974619,64.08629441624365,63.76903553299493,63.38832487309645,63.70558375634518,63.76903553299493,62.055837563451774,63.45177664974619,66.30710659898477,65.16497461928934,66.11675126903553,66.05329949238579,64.72081218274111,66.68781725888326,65.41878172588832,66.56091370558376,65.73604060913706,64.1497461928934,66.18020304568529,64.46700507614213,65.92639593908629,64.91116751269035,55.45685279187817,54.9492385786802,63.76903553299493,54.568527918781726,54.69543147208122,55.13959390862944,61.99238578680203,54.1243654822335,64.08629441624365,56.02791878172589,55.83756345177665,55.01269035532995,54.505076142131976
3,SpongePowered-SpongeCommon.csv,39.53592146363231,40.517626059794736,42.39178937974118,43.15037929495761,41.05310129406515,44.17670682730924,43.19500223114681,42.43641231593039,42.03480589022757,44.53369031682285,43.0611334225792,42.48103525211959,42.21329763498438,44.89067380633646,42.8380187416332,49.35296742525658,49.888442659526994,46.72021419009371,48.28201695671575,48.10352521195895,48.23739402052655,48.95136099955377,49.21909861668898,46.85408299866131,46.22936189201249,47.03257474341812,47.07719767960732,47.70191878625614,44.57831325301205,39.3128067826863,41.99018295403837,44.13208389112003,40.78536367692994,41.320838911200354,40.16064257028113,42.6149040606872,39.66979027219991,49.8438197233378,40.963855421686745,39.44667559125391,41.23159303882196,39.75903614457831
4,apache-zeppelin.csv,62.682308180088775,64.39441978440075,64.99682942295499,63.03107165504122,61.98478123018389,64.36271401395054,65.44071020925809,63.950538998097656,63.69689283449588,64.20418516169943,64.29930247305009,65.85288522511097,65.28218135700698,63.37983512999366,65.12365250475587,67.81864299302472,68.26252377932784,67.66011414077363,67.59670259987317,67.31135066582118,68.80152187698161,66.80405833861764,67.08941027266962,68.23081800887762,66.80405833861764,66.99429296131896,66.01141407736208,67.08941027266962,65.85288522511097,56.08750792644261,56.46797717184528,65.69435637285986,56.97526949904883,56.24603677869372,55.99239061509195,61.38237159162968,55.9289790741915,67.5015852885225,56.65821179454661,57.07038681039949,56.91185795814838,56.53138871274572
5,structr-structr.csv,56.84835779175401,57.47728860936408,58.94479385045423,58.45562543675752,56.60377358490566,57.162823200559046,58.87491264849756,58.24598183088749,57.19776380153738,59.154437456324246,57.75681341719078,57.93151642208246,57.9664570230608,58.94479385045423,60.02795248078267,62.57861635220126,64.43046820405311,61.565338923829486,62.3340321453529,62.7183787561146,64.18588399720475,61.39063591893781,62.12438853948288,61.565338923829486,61.49545772187282,61.9496855345912,61.25087351502446,62.229210342417886,60.76170510132775,51.53738644304682,53.843466107617054,56.498951781970646,53.24947589098532,53.179594689028654,51.74703004891684,55.380852550663874,52.58560447239692,60.86652690426276,52.795248078266944,51.432564640111806,52.271139063591896,51.9916142557652
6,FasterXML-jackson-databind.csv,46.744547014132834,45.265909647904586,46.3115758516461,48.04346050159301,46.180867576178414,47.67584347684013,46.64651580753206,46.50763826484764,49.734498815456256,48.92574136099992,47.33273425373744,45.88677395637611,45.96846662854342,49.742668082672985,51.4010293276693,56.58851401029328,57.28290172371538,54.57070500776081,55.37129319500041,55.54284780655176,55.943141900171554,55.1834000490156,55.15072298014868,52.96952863328159,52.95319009884813,56.07385017563925,53.83547095825504,55.42847806551752,52.40584919532718,45.829589085859,51.278490319418346,50.57593333877952,47.74936688179071,45.88677395637611,45.55183400049015,47.888244424475126,48.215015113144354,57.28290172371538,46.89976309125071,44.53067559839882,44.832938485417856,44.759415080467285
7,dropwizard-dropwizard.csv,43.39165545087484,42.55720053835801,43.44549125168237,45.3028263795424,43.79542395693136,44.38761776581427,43.8492597577389,44.84522207267833,45.03364737550472,46.00269179004038,44.76446837146703,44.11843876177658,44.49528936742934,46.89098250336474,49.3135935397039,53.6742934051144,55.1278600269179,52.2207267833109,52.11305518169583,52.462987886944816,54.15881561238224,52.08613728129206,52.51682368775236,51.97846567967699,49.87886944818304,53.620457604306864,50.767160161507405,52.75908479138627,50.33647375504711,45.27590847913863,48.96366083445491,48.66756393001346,45.27590847913863,46.51413189771198,44.11843876177658,46.110363391655454,46.62180349932705,55.02018842530283,45.59892328398385,44.38761776581427,43.876177658142666,43.337819650067296
8,mybatis-mybatis-3.csv,40.37663581232046,38.49345675071816,40.56814554739866,41.33418448771146,40.05745292052346,41.62144909032876,40.60006383657836,41.17459304181296,43.21736354931376,43.28120012767316,41.42993935525056,39.54676029364826,41.01500159591446,43.24928183849346,45.802744972869455,51.57995531439515,51.77146504947335,48.38812639642515,49.82444940951165,50.39897861474625,51.38844557931695,50.30322374720715,50.30322374720715,46.72837535908075,46.88796680497925,51.26077242259815,47.74976061283115,49.37759336099585,47.973188637089045,42.51516118736036,48.96265560165975,46.21768273220555,43.72805617618896,45.26013405681456,42.19597829556336,45.26013405681456,45.06862432173636,51.77146504947335,43.56846473029046,40.50430896903926,41.17459304181296,41.07883817427386
9,apache-sling.csv,7.370780590717296,-6.671940928270047,5.010548523206751,6.078586497890299,1.740506329113927,4.258966244725741,-3.902953586497887,1.384493670886073,8.847573839662445,1.991033755274259,3.718354430379748,4.5490506329113884,1.2790084388185647,3.019514767932492,12.9746835443038,19.14556962025317,17.77426160337552,15.994198312236293,14.069092827004226,14.161392405063296,16.337025316455694,11.484704641350206,10.719936708860756,14.451476793248943,13.515295358649794,20.38502109704642,15.479957805907176,16.00738396624473,14.253691983122362,14.741561181434603,20.08175105485232,13.264767932489448,13.33069620253164,14.847046413502111,14.148206751054856,7.885021097046419,18.45991561181436,17.77426160337552,14.899789029535867,13.185654008438815,8.860759493670884,12.434071729957807
10,killbill-killbill.csv,19.74822974036192,15.342250196695517,20.69236821400472,22.73800157356412,17.702596380802518,21.951219512195124,17.702596380802518,20.37765538945712,23.60346184107003,20.37765538945712,21.715184893784425,20.22029897718332,19.98426435877262,21.007081038552315,25.57041699449253,34.38237608182533,33.43823760818253,31.07789142407553,30.133752950432736,32.88749016522424,32.73013375295044,29.110936270653028,28.24547600314713,30.21243115656964,28.24547600314713,35.24783634933124,31.07789142407553,30.44846577498033,26.98662470495673,27.380015735641223,33.91030684500393,28.79622344610543,30.369787568843435,29.583005507474425,27.380015735641223,25.17702596380802,30.84185680566484,33.35955940204563,27.852084972462634,26.435877261998428,24.547600314712824,24.783634933123523
11,sparklemotion-nokogiri.csv,11.003560302625726,-2.091677792612373,7.955051179350249,9.267912772585674,3.3600356030262617,10.725411659991096,-0.1891410769915467,7.955051179350249,12.53894080996885,7.242990654205613,9.746328437917228,7.621272808188692,5.0623052959501535,7.165109034267914,14.98664886515354,22.07387627948376,18.73609256786827,17.26746773475746,16.165999109924343,17.757009345794387,20.48286604361371,14.107699154428133,13.640409434801953,16.499777481085886,16.243880729862042,22.708055184690693,16.94481530930129,18.03515798842902,15.76546506453048,15.120160213618163,21.562082777036053,13.885180240320423,16.188251001335118,18.03515798842902,14.953271028037378,10.647530040053413,19.971072541165995,18.72496662216288,16.021361815754332,14.552736982643523,11.092567868268802,14.363595905651977
12,samtools-htsjdk.csv,0.4686625629546692,-0.0419697817571318,0.2797985450475693,0.4266927811975307,0.2028539451594895,0.3707330721880311,0.0629546726356977,0.328763290430885,0.4826524902070446,0.1818690542809236,0.4476776720761108,0.2867935086737532,0.1678791270285415,0.3007834359261352,0.6365416899832166,0.8184107442641277,0.7624510352546139,0.7064913262451,0.5386121992165585,0.7624510352546139,0.7834359261331798,0.6015668718522704,0.6015668718522704,0.6225517627308363,0.6085618354784543,0.8813654168998255,0.7134862898712981,0.7064913262451,0.6715165081141561,0.6295467263570202,0.8673754896474577,0.6505316172355862,0.6715165081141521,0.6645215444879682,0.6225517627308363,0.4057078903189648,0.6575265808617843,0.75545607162843,0.6295467263570202,0.5316172355903745,0.4756575265808607,0.5106323447118086
13,CloudSlang-cloud-slang.csv,24.16472416472416,21.756021756021752,26.184926184926184,29.21522921522921,21.91142191142191,25.563325563325563,22.53302253302253,22.06682206682207,27.8943278943279,27.661227661227656,25.174825174825173,25.71872571872572,26.573426573426573,28.360528360528363,31.235431235431232,38.85003885003885,39.7047397047397,38.6946386946387,36.98523698523699,36.36363636363637,36.5967365967366,35.198135198135205,34.809634809634815,35.58663558663558,34.34343434343434,39.47163947163947,37.76223776223776,39.00543900543901,34.11033411033411,33.022533022533025,36.75213675213675,31.08003108003108,32.400932400932405,32.09013209013209,33.255633255633256,27.272727272727263,35.35353535353535,39.62703962703963,33.72183372183372,31.002331002331005,28.982128982128984,29.99222999223
14,apache-tajo.csv,13.331888142206804,6.893561673531323,10.773899848254928,13.07175373943204,7.630609148059833,12.854975070453063,7.955777151528295,10.81725558205072,13.765445480164756,10.2102753089096,11.59765879037502,8.606113158465206,8.19423368740516,12.378061998699325,17.27725991762411,22.675048775200523,21.95967916756992,19.119878603945367,19.813570344678084,21.54779969650987,21.85128983308043,19.59679167569911,18.187730327335785,17.537394320398874,17.970951658356825,21.85128983308043,19.07652287014957,19.55343594190332,18.31779752872318,16.952091914155645,21.938001300672013,17.36397138521569,20.37719488402341,19.380013006720134,17.710817255582057,15.759809234771296,21.85128983308043,21.82961196618253,17.233904183828315,16.366789507912415,16.756991112074573,16.453500975504014
15,cloudfoundry-uaa.csv,43.13725490196079,41.596638655462186,44.6078431372549,43.55742296918768,42.50700280112045,43.69747899159664,42.85714285714285,43.76750700280112,43.62745098039216,44.04761904761905,43.34733893557423,43.41736694677872,43.0672268907563,43.13725490196079,45.65826330532213,48.739495798319325,50.21008403361345,48.4593837535014,49.43977591036415,46.70868347338936,49.089635854341736,47.26890756302521,46.42857142857143,47.75910364145658,47.128851540616246,48.109243697479,47.549019607843135,48.739495798319325,47.47899159663865,42.436974789915965,42.296918767507,47.75910364145658,40.68627450980392,42.08683473389356,42.436974789915965,45.02801120448179,42.15686274509804,48.66946778711485,42.64705882352941,42.01680672268908,41.10644257703081,41.66666666666666
16,DSpace-DSpace.csv,77.31211090430654,79.77023297606058,79.27390197462722,79.84297114006375,80.07402177866204,78.49089703271078,79.5284855486383,78.35825685129325,78.37751107117643,80.03979205442526,79.00220353849774,78.68129987377789,79.12842564662088,76.66388550157242,78.41388015317801,80.26014590419956,77.78490897032711,80.70941103480735,82.0978542241619,80.76503433669212,80.06332498983805,80.93832231564085,82.39094623793937,80.41417966326509,80.67946002610017,79.98844746807009,80.90409259140407,81.01106047964402,78.49945446376998,64.89741779517789,65.24613311084013,71.96585585007381,65.25682989966413,60.95886015018292,65.24185439531053,69.49489763173095,63.65872964935926,77.76137603491432,65.26538733072331,64.69631816528678,64.8546306398819,65.01936118777144
17,p6spy-p6spy.csv,64.6853146853147,63.98601398601399,65.38461538461539,65.38461538461539,64.33566433566433,68.88111888111888,65.38461538461539,64.33566433566433,64.33566433566433,66.08391608391608,63.98601398601399,65.38461538461539,64.33566433566433,62.23776223776224,68.18181818181819,72.37762237762237,66.78321678321677,67.83216783216784,68.88111888111888,68.88111888111888,69.23076923076923,69.23076923076923,69.93006993006993,68.18181818181819,68.18181818181819,68.53146853146853,68.18181818181819,68.18181818181819,67.83216783216784,55.94405594405595,59.79020979020979,70.27972027972028,58.74125874125874,56.29370629370629,56.99300699300699,60.83916083916084,58.74125874125874,65.38461538461539,58.39160839160839,56.99300699300699,59.44055944055944,56.99300699300699
18,JabRef-jabref.csv,0.3804347826086962,-2.826086956521735,-0.4891304347826093,-0.2717391304347814,-0.2173913043478279,-0.5978260869565162,-3.3695652173912976,-1.684782608695656,0.1630434782608745,-0.5434782608695627,-1.1413043478260931,-0.2717391304347814,-1.032608695652172,-0.7065217391304373,1.5760869565217384,3.423913043478265,2.7717391304347814,2.282608695652172,2.065217391304344,2.0108695652173907,2.8804347826087024,1.1413043478260931,1.7934782608695627,2.608695652173907,2.173913043478265,3.532608695652172,2.6630434782608745,2.608695652173907,1.8478260869565168,2.065217391304344,3.478260869565218,1.032608695652172,1.7934782608695627,2.173913043478265,2.5,-0.4347826086956559,2.934782608695656,2.717391304347828,2.391304347826093,2.4456521739130466,0.8152173913043441,2.0108695652173907
19,linkedin-gobblin.csv,35.44733861834655,36.21744054360136,37.10079275198188,38.57304643261608,37.327293318233295,37.89354473386184,36.71574178935448,38.66364665911665,38.5277463193658,38.55039637599094,37.349943374858434,36.308040770101925,36.919592298980746,37.28199320498301,39.93204983012457,44.23556058890147,43.578708946772366,43.17100792751982,42.876557191392976,43.10305775764439,45.20951302378256,43.05775764439411,43.10305775764439,41.69875424688562,41.51755379388448,44.53001132502831,42.49150622876557,43.64665911664779,41.359003397508495,36.12684031710079,39.365798414496034,37.87089467723669,36.80634201585504,37.53114382785957,36.036240090600224,37.9841449603624,37.25934314835787,43.23895809739524,36.98754246885617,35.28878822197055,35.719139297848244,34.69988674971687
20,keycloak-keycloak.csv,65.84158415841583,65.64356435643565,68.36633663366337,67.77227722772278,65.89108910891089,66.13861386138615,66.83168316831683,66.83168316831683,66.68316831683168,66.73267326732673,67.82178217821783,68.36633663366337,67.02970297029702,66.03960396039604,67.72277227722772,69.35643564356435,69.60396039603961,69.60396039603961,70.84158415841584,70.24752475247524,70.79207920792079,67.62376237623762,70.79207920792079,70.24752475247524,70.0,69.50495049504951,70.0990099009901,69.4059405940594,68.01980198019801,57.57425742574257,58.415841584158414,66.83168316831683,58.415841584158414,57.37623762376238,58.16831683168317,61.68316831683168,57.227722772277225,68.31683168316832,57.67326732673267,58.366336633663366,56.28712871287129,58.26732673267327
21,nutzam-nutz.csv,-6.741573033707859,-42.696629213483135,-20.2247191011236,-20.2247191011236,-23.595505617977523,-20.2247191011236,-48.31460674157304,-24.719101123595507,-14.606741573033702,-22.471910112359552,-17.97752808988764,-20.2247191011236,-22.471910112359552,-22.471910112359552,-4.494382022471921,1.1235955056179705,-2.247191011235955,-2.247191011235955,-1.1235955056179705,-6.741573033707866,-1.1235955056179705,-22.471910112359552,-13.483146067415731,-2.247191011235955,-2.247191011235955,5.617977528089881,-2.247191011235955,-2.247191011235955,-3.370786516853941,-2.247191011235955,5.617977528089881,-6.741573033707866,-6.741573033707866,-1.1235955056179705,-2.247191011235955,-8.98876404494382,1.1235955056179705,-2.247191011235955,-2.247191011235955,-2.247191011235955,-7.865168539325836,-2.247191011235955
22,floragunncom-search-guard.csv,61.25410733844468,64.04709748083242,62.73274917853231,62.95180722891566,64.86856516977,63.38992332968237,64.86856516977,64.53997809419496,63.30777656078861,64.1566265060241,64.95071193866374,62.81489594742607,65.0328587075575,62.458926615553125,65.36144578313254,68.34611171960569,67.4972617743702,68.81161007667032,70.78313253012048,69.63307776560788,70.29025191675794,69.79737130339541,70.75575027382257,67.00438116100767,66.81270536692224,68.26396495071194,66.94961664841182,67.30558598028477,66.12814895947426,57.28368017524644,57.968236582694416,64.40306681270536,58.023001095290255,57.8039430449069,56.81818181818182,63.36254107338445,56.024096385542165,67.4972617743702,56.59912376779847,56.078860898138,57.91347207009858,56.54435925520263
23,rackerlabs-blueflood.csv,12.679203127909144,4.989759821262339,11.785514801712909,12.381307019177058,9.272016384285976,12.641966114317626,7.503258238689256,10.835970955129396,15.397505120089363,11.040774529882697,11.6179482405511,11.804133308508652,10.389126792031275,11.822751815304414,17.91100353751629,24.31576987525601,22.398063675293244,21.11338670638615,19.13982498603612,20.983057158815868,22.02569353937814,18.48817724818469,18.283373673431385,19.84732824427481,19.065350958853102,24.390243902439025,19.54943213554273,20.815490597654065,18.786073356916777,19.23291752001489,23.64550363060883,17.464159374418173,19.363247067585178,20.16384285980264,17.76205548315025,15.397505120089363,21.709178923850303,22.379445168497483,18.71159932973376,17.836529510333264,15.04375349097002,17.371066840439397
24,ratpack-ratpack.csv,27.10955710955712,27.599067599067595,27.50582750582751,29.743589743589737,27.622377622377627,28.55477855477855,28.951048951048943,29.300699300699307,29.300699300699307,29.72027972027972,29.20745920745921,28.741258741258747,29.16083916083916,30.023310023310017,29.97668997668997,33.31002331002331,34.38228438228438,33.05361305361305,32.93706293706293,33.286713286713294,34.26573426573427,32.86713286713287,32.121212121212125,32.19114219114219,30.722610722610725,33.33333333333333,32.7039627039627,32.98368298368298,30.79254079254079,28.391608391608383,29.696969696969703,32.02797202797203,28.62470862470863,28.997668997668995,28.484848484848484,30.27972027972028,28.158508158508155,34.38228438228438,28.36829836829837,27.902097902097907,27.10955710955712,26.66666666666667
25,junit-team-junit5.csv,5.932203389830503,-5.0847457627118615,3.86064030131827,8.192090395480221,0.2824858757062145,4.425612052730699,-3.672316384180789,1.3182674199623392,9.039548022598863,3.86064030131827,2.3540489642184497,4.7080979284369135,2.165725047080983,3.483992467043308,12.523540489642182,22.22222222222223,20.80979284369114,19.58568738229755,17.60828625235405,16.384180790960457,19.58568738229755,14.218455743879474,13.559322033898312,17.60828625235405,14.312617702448208,23.44632768361582,19.11487758945385,19.679849340866284,14.689265536723164,17.325800376647834,23.54048964218456,14.406779661016955,15.72504708097928,17.325800376647834,18.17325800376648,10.64030131826742,20.90395480225989,20.80979284369114,19.2090395480226,16.85499058380414,12.994350282485884,13.465160075329564
26,apache-nifi.csv,43.81338742393509,45.667922341350334,46.10257896261953,47.63836569110403,44.2770211532889,45.69689944943495,46.33439582729643,46.74007534048102,45.89973920602724,47.40654882642712,45.580991017096494,44.45088380179658,46.18951028687337,47.81222833961171,48.18893074471168,53.11503911909591,54.10026079397276,52.15879455230368,52.44856563314981,52.56447406548826,54.50594030715735,51.81106925528832,53.40481019994205,50.42016806722689,51.69516082294987,52.85424514633439,52.30368009272674,52.53549695740365,49.05824398725007,43.72645609968125,47.84120544769632,47.31961750217328,45.60996812518111,46.53723558388873,44.7116777745581,46.79802955665025,45.37815126050421,54.01332946971892,44.13213561286584,42.2776006954506,43.49463923500435,44.21906693711968
27,typetools-checker-framework.csv,63.85613207547169,66.27358490566039,66.21462264150944,65.97877358490567,65.15330188679246,65.74292452830188,65.68396226415095,65.97877358490567,67.09905660377359,66.15566037735849,66.68632075471697,66.86320754716982,65.80188679245283,65.2122641509434,65.15330188679245,68.80896226415095,67.51179245283018,68.57311320754717,69.87028301886792,68.3372641509434,67.51179245283018,67.09905660377359,67.62971698113208,68.69103773584905,67.62971698113208,68.63207547169812,67.27594339622641,68.51415094339623,66.80424528301887,58.37264150943396,57.31132075471698,63.73820754716981,57.193396226415096,56.13207547169812,56.780660377358494,60.318396226415096,56.780660377358494,65.09433962264151,58.195754716981135,58.136792452830186,56.485849056603776,57.783018867924525
28,geoserver-geoserver.csv,48.64516129032258,46.924731182795696,49.59139784946237,49.97849462365591,49.333333333333336,49.03225806451613,48.38709677419355,49.075268817204304,49.376344086021504,49.46236559139785,49.59139784946237,49.46236559139785,49.59139784946237,48.043010752688176,51.311827956989255,55.26881720430107,54.40860215053763,54.193548387096776,54.36559139784946,53.075268817204304,55.39784946236559,53.59139784946237,53.29032258064516,54.40860215053763,51.74193548387097,54.193548387096776,54.064516129032256,54.10752688172043,52.60215053763441,46.924731182795696,47.26881720430107,49.03225806451613,45.634408602150536,47.56989247311828,46.32258064516129,48.60215053763441,47.61290322580645,53.46236559139785,46.96774193548387,46.193548387096776,46.27956989247312,44.774193548387096
29,square-wire.csv,29.41084544460072,29.254571026722928,30.75480543834975,32.239412408188784,29.44210032817628,31.692451945616497,31.223628691983123,31.16111892483201,32.020628223159875,32.56758868573215,30.9423347398031,29.58274730426629,30.786060321925305,33.53649007657447,32.45819659321769,36.990154711673696,37.91217377715268,36.13064541334584,36.17752773870917,36.88076261915924,37.42772308173152,37.55274261603376,36.912017502734805,34.47413658384123,35.208626347866854,36.72448820128145,35.86497890295358,36.58384122519144,32.97390217221441,30.00468823253634,33.614627285513365,32.7551179871855,31.6143147366776,31.12986404125644,30.254727301140804,31.42678543522426,31.192373808407567,37.66213470854821,30.45788404438194,28.723238005938427,29.739021722144088,29.645257071417404
30,CloudifySource-cloudify.csv,13.262370540851553,6.127733026467197,10.270425776754893,12.51438434982738,6.789413118527037,13.434982738780208,8.601841196777912,11.334867663981584,16.800920598388956,11.449942462600688,12.773302646720367,10.097813578826234,10.615650172612192,12.197928653624857,19.3325661680092,26.294591484464902,23.21634062140392,22.12313003452244,22.410817031070195,23.791714614499423,24.280782508630608,21.26006904487917,20.023014959723824,19.850402761795166,19.850402761795166,26.23705408515535,21.116225546605293,22.09436133486767,20.79976985040276,20.224395857307243,25.489067894131185,19.39010356731876,22.008055235903345,21.691599539700803,19.47640966628309,17.750287686996543,24.33831990794016,23.01495972382048,20.33947065592635,18.383199079401606,16.887226697353285,17.894131185270425
31,essentials-Essentials.csv,67.78242677824268,70.2463970246397,70.1999070199907,71.1297071129707,69.8279869827987,69.5025569502557,71.78056717805671,70.3858670385867,69.36308693630869,71.59460715946071,71.08321710832172,70.75778707577871,69.6885169688517,69.0841469084147,70.33937703393771,73.12877731287773,73.22175732217573,72.80334728033472,76.47605764760576,74.61645746164575,74.47698744769875,75.36029753602975,75.91817759181777,74.56996745699675,73.36122733612274,72.75685727568573,73.73314737331474,74.15155741515574,71.68758716875871,60.1115760111576,60.15806601580661,64.71408647140865,60.66945606694561,60.3905160390516,62.06415620641562,64.43514644351464,59.7396559739656,72.80334728033472,60.66945606694561,62.11064621106462,60.5764760576476,61.552766155276615
32,dreamhead-moco.csv,59.38375350140056,58.73015873015873,58.356676003734826,59.757236227824464,61.1577964519141,62.04481792717087,57.93650793650794,60.78431372549019,61.39122315592904,60.87768440709617,61.297852474323065,60.83099906629318,60.41083099906629,59.38375350140056,61.531279178338,65.21942110177405,63.445378151260506,64.56582633053222,63.81886087768441,65.45284780578899,65.68627450980392,64.6125116713352,64.51914098972922,64.00560224089637,61.67133520074697,65.12605042016807,63.49206349206349,64.51914098972922,62.41830065359477,53.36134453781513,54.29505135387488,54.71521942110177,54.01493930905696,51.86741363211952,52.75443510737628,54.71521942110177,53.31465919701214,63.445378151260506,53.26797385620915,53.36134453781513,53.12791783380019,51.12044817927171
33,SonarSource-sonar-java.csv,52.04498977505112,51.87457396046353,53.34014996591684,54.22631220177232,51.90865712338105,54.02181322426721,52.62440354464894,53.6468984321745,53.51056578050443,54.02181322426721,52.82890252215405,53.20381731424676,52.52215405589639,52.48807089297887,56.30538513974097,60.63394683026585,59.06612133605999,59.23653715064758,60.7361963190184,59.679618268575325,60.59986366734833,60.80436264485344,60.97477845944103,58.31629175187457,58.07770961145194,59.85003408316292,58.38445807770961,59.13428766189502,56.9188820722563,49.488752556237216,51.43149284253579,53.88548057259714,50.715746421267895,49.59100204498978,48.670756646216766,53.987730061349694,50.27266530334015,59.03203817314247,49.31833674164962,48.53442399454669,48.56850715746421,48.3640081799591
34,osmdroid-osmdroid.csv,19.732514799386102,14.010085507564128,17.605788204341152,19.14053935540452,15.47906160929621,19.51326463494847,16.356062267046696,19.557114667836004,21.92501644376233,18.21968866476649,19.666739750054816,17.54001315500986,16.706862530146893,18.482788862091653,24.687568515676386,30.0372725279544,28.765621574216183,26.660819995615,26.901995176496385,28.436746327559742,29.686472264854203,25.915369436527072,26.156544617408457,25.23569392677045,24.994518745889053,30.300372725279544,25.80574435430826,26.72659504494628,25.8495943871958,23.6351677263758,29.2260469195352,23.94211795658846,26.24424468318351,26.551194913396188,22.84586713440035,23.26244244683184,27.16509537382153,28.743696557772424,23.591317693488264,22.18811664108748,22.18811664108748,22.078491558868663
35,apache-jackrabbit-oak.csv,30.398205272013456,24.50925406618059,32.30510375771172,31.85642176107683,28.26696578799776,30.67863151991027,28.54739203589456,30.398205272013456,32.97812675266405,30.846887268648345,29.893438025799213,30.734716769489623,30.67863151991027,32.02467750981492,35.50196298373528,40.32529444756029,42.06393718452047,39.48401570386988,39.035333707235,38.69882220975883,40.77397644419518,37.240605720695456,38.30622546270331,37.91362871564778,37.80145821648907,42.51261918115536,38.97924845765564,39.70835670218733,36.62366797532249,35.614133482894005,38.47448121144139,33.65114974761637,34.49242849130678,36.28715647784632,34.155916993830616,31.688166012338755,35.445877734155914,39.5961862030286,35.50196298373528,32.97812675266405,31.74425126191811,33.70723499719574
36,ngageoint-geowave.csv,14.016578749058027,8.100979653353434,13.451394122079876,13.489073097211758,9.231348907309725,12.622456669178604,9.570459683496608,11.90655614167295,14.506405425772414,13.300678221552374,12.01959306706857,12.43406179351922,11.981914091936702,14.31801055011303,18.08590806330068,22.908816880180865,23.097211755840235,20.57272042200452,20.87415222305954,20.00753579502637,22.418990203466464,17.06857573474001,19.55538809344385,19.819140919366987,19.706103993971368,22.418990203466464,20.120572720422004,21.816126601356444,18.839487565938207,18.72645064054258,21.77844762622456,18.274302938960066,18.38733986435569,19.630746043707617,18.16126601356443,15.109269027882448,20.761115297663903,23.059532780708366,19.66842501883949,18.08590806330068,15.3353428786737,17.972871137905045
37,sakaiproject-sakai.csv,14.473684210526317,9.21052631578948,10.244360902255636,13.25187969924812,10.620300751879697,12.687969924812023,8.740601503759393,12.12406015037594,15.319548872180448,13.721804511278194,12.593984962406012,8.55263157894737,9.492481203007516,14.755639097744364,17.763157894736846,22.838345864661648,22.74436090225564,19.07894736842105,20.39473684210526,21.80451127819549,22.4624060150376,20.39473684210526,18.79699248120301,18.23308270676692,18.609022556390983,21.80451127819549,20.20676691729324,20.20676691729324,19.07894736842105,15.977443609022558,21.52255639097744,17.293233082706763,19.924812030075188,19.26691729323308,18.23308270676692,16.16541353383458,21.61654135338345,22.650375939849624,17.85714285714286,16.635338345864668,17.10526315789474,16.917293233082702
38,apache-pdfbox.csv,17.85714285714286,8.152173913043484,17.0807453416149,18.400621118012424,14.518633540372676,17.0807453416149,11.64596273291926,16.847826086956516,22.127329192546583,14.90683229813665,17.546583850931682,16.614906832298132,13.81987577639751,17.003105590062106,24.534161490683225,31.366459627329192,29.8136645962733,27.63975155279504,29.42546583850931,28.1832298136646,31.055900621118013,23.291925465838503,25.0,27.09627329192547,26.94099378881988,32.22049689440993,27.717391304347828,28.027950310559007,26.086956521739136,24.301242236024848,30.04658385093168,22.90372670807453,24.378881987577643,25.62111801242236,24.14596273291926,19.099378881987576,27.95031055900621,29.11490683229813,25.077639751552795,23.369565217391298,19.798136645962728,22.981366459627324
39,yegor256-takes.csv,44.83030781373323,43.48855564325178,43.56748224151539,44.988161010260455,46.32991318074191,45.85635359116022,47.355958958168905,45.38279400157853,45.2249408050513,47.98737174427782,44.90923441199684,45.38279400157853,47.67166535122336,46.882399368587215,49.80268350434096,52.80189423835833,53.7490134175217,53.82794001578532,53.43330702446725,50.27624309392265,53.1965272296764,52.01262825572218,54.85398579321231,51.69692186266772,48.61878453038674,51.85477505919495,50.03946329913181,52.644041041831095,49.40805051302289,47.51381215469613,47.04025256511444,51.0655090765588,43.72533543804262,46.32991318074191,44.19889502762431,48.53985793212313,45.38279400157853,53.90686661404894,45.93528018942384,45.30386740331492,43.646408839779006,42.38358326756117
40,naver-pinpoint.csv,36.322463768115945,36.27717391304348,37.9981884057971,38.58695652173913,38.81340579710145,37.95289855072464,39.6286231884058,40.85144927536232,37.95289855072464,40.30797101449275,38.6322463768116,37.45471014492754,37.45471014492754,40.53442028985507,43.43297101449275,47.69021739130435,49.63768115942029,46.24094202898551,43.20652173913044,47.28260869565217,50.81521739130435,48.09782608695652,47.91666666666666,45.516304347826086,44.11231884057971,46.51268115942029,44.65579710144928,48.14311594202898,45.06340579710145,40.53442028985507,43.70471014492754,42.88949275362319,42.52717391304348,44.83695652173913,39.94565217391305,42.07427536231884,42.844202898550726,49.45652173913044,42.028985507246375,40.76086956521739,40.625,39.53804347826087
41,checkstyle-checkstyle.csv,2.238805970149249,-5.010660980810229,3.091684434968016,5.223880597014926,-1.918976545842213,1.226012793176977,-3.091684434968016,0.4797441364605532,6.876332622601282,0.1599147121535225,2.292110874200432,4.957356076759055,-0.4797441364605532,0.2665245202558566,8.848614072494666,17.96375266524521,14.552238805970148,13.43283582089552,13.059701492537314,13.43283582089552,14.765458422174843,9.381663113006397,6.982942430703631,14.498933901918974,10.767590618336882,18.97654584221749,13.592750533049042,14.12579957356077,11.567164179104472,12.793176972281444,18.550106609808097,10.501066098081026,12.68656716417911,14.978678038379527,12.953091684434966,8.901918976545844,17.750533049040513,14.765458422174843,13.752665245202564,13.8592750533049,7.7825159914712145,10.447761194029852
42,grails-grails-core.csv,53.56860679483803,52.43613378983408,55.306821174611535,54.93810903344746,52.83118251250988,54.17434816960758,53.19989465367395,54.70107979984198,54.64840663681854,54.01632868053726,55.148801685541216,55.12246510402949,54.67474321833026,53.64761653937319,56.43929417961549,59.62602054253358,59.46800105346326,58.62523044508823,57.67711351066632,58.38820121148275,60.25809849881485,57.67711351066632,59.30998156439294,58.57255728206479,57.88780616276007,58.9939425862523,57.91414274427179,57.88780616276007,57.46642085857256,49.381090334474585,50.618909665525415,55.12246510402949,49.48643666052146,49.30208058993943,49.512773242033184,51.98841190413484,50.276534105873054,59.44166447195154,49.43376349749803,49.46010007900974,49.61811956808006,49.27574400842771
43,SpongePowered-SpongeForge.csv,63.77998829724984,66.17905207723815,64.59918080748976,66.12053832650673,65.88648332358105,65.71094207138677,66.47162083089526,66.12053832650673,64.89174956114687,66.35459332943242,66.23756582796958,67.23229959040376,65.2428320655354,64.65769455822118,67.1152720889409,70.45055588063195,68.51960210649503,69.33879461673493,72.90813341135167,70.04095962551199,70.74312463428906,70.27501462843767,70.97717963721475,70.8601521357519,67.87595084844938,69.68987712112346,69.68987712112346,69.68987712112346,67.64189584552369,57.63604447045056,58.57226448215331,64.01404330017554,57.63604447045056,57.63604447045056,58.92334698654184,64.07255705090697,57.10942071386776,68.22703335283792,58.33820947922762,59.33294324166179,58.22118197776477,57.10942071386776
44,jOOQ-jOOQ.csv,46.37034494594131,48.189462845374976,48.927406898918825,50.60923288141411,49.21915222241291,47.8977175218809,49.06469881585722,49.13334477432641,47.81191007379441,50.21451862021623,48.25810880384417,47.81191007379441,48.24094731422687,49.85412733825296,48.41256221039987,52.0336365196499,52.61712716663806,52.37686631199588,53.28642526171272,52.39402780161318,53.18345632400892,53.33790973056461,53.458040157885705,51.501630341513646,52.0336365196499,51.46730736227904,52.85738802128024,53.20061781362622,48.79011498198044,42.64630169898747,44.43109661918655,46.5076368628797,43.16114638750644,41.66809679080144,43.38424575253132,46.57628282134889,42.69778616783937,52.59996567702076,43.332761283679424,41.82255019735713,42.182941479320405,42.62914020937017
45,Graylog2-graylog2-server.csv,66.0427807486631,70.23172905525847,72.81639928698752,68.00356506238859,69.69696969696969,72.37076648841355,70.40998217468805,72.99465240641712,69.5187165775401,69.96434937611409,71.83600713012478,70.58823529411765,69.96434937611409,69.25133689839572,68.00356506238859,73.0837789661319,72.01426024955437,72.01426024955437,70.85561497326204,73.44028520499108,73.88591800356507,71.3903743315508,71.4795008912656,72.28163992869875,73.1729055258467,70.76648841354724,70.14260249554367,71.83600713012478,70.14260249554367,59.80392156862745,59.09090909090909,63.72549019607843,61.40819964349376,61.40819964349376,58.73440285204991,61.85383244206773,60.87344028520499,63.19073083778966,60.42780748663102,60.60606060606061,59.62566844919786,62.21033868092692
46,xetorthio-jedis.csv,14.251592356687905,6.727707006369428,14.09235668789809,16.600318471337573,10.589171974522287,15.12738853503184,9.076433121019107,13.773885350318466,18.51114649681529,12.778662420382162,13.734076433121018,13.136942675159233,11.226114649681534,13.495222929936304,19.705414012738853,26.23407643312101,24.56210191082802,22.929936305732483,22.49203821656052,24.76114649681529,26.074840764331213,21.695859872611464,20.740445859872608,22.2531847133758,22.37261146496816,27.30891719745223,23.48726114649682,23.208598726114644,21.138535031847137,20.62101910828025,27.388535031847127,19.466560509554142,24.363057324840767,24.084394904458605,22.37261146496816,17.953821656050962,25.11942675159236,24.60191082802548,21.05891719745223,20.97929936305732,19.98407643312101,20.54140127388536
47,open-keychain-open-keychain.csv,34.92237043516291,33.30417668926306,36.62803411327357,38.0056855455937,34.003936146949485,36.14694948611415,34.5724907063197,36.059479553903344,36.43122676579926,37.655805816750494,35.95014213863985,35.55652744369124,35.40345506232232,36.081347036956046,39.23026459654494,43.49442379182156,42.92586923245135,41.85436256286901,42.48851957139733,42.02930242729062,43.45068882571616,41.72315766455281,41.74502514760551,41.65755521539471,41.89809752897442,42.575989503608135,42.75092936802974,43.01333916466215,40.14869888475836,34.96610540126831,38.22436037612071,36.95604635906408,36.21255193527225,36.93417887601137,36.64990159632626,34.94423791821562,36.75923901158976,42.663459435818936,36.40935928274656,35.425322545375025,34.17887601137109,35.84080472337634
48,deeplearning4j-deeplearning4j.csv,47.73869346733668,50.87939698492463,51.821608040201006,51.63316582914573,48.80653266331658,50.06281407035176,50.75376884422111,51.69597989949749,51.44472361809045,51.947236180904525,51.31909547738694,50.25125628140704,51.50753768844221,50.81658291457286,53.14070351758794,58.040201005025125,58.54271356783919,58.29145728643216,58.29145728643216,59.04522613065327,59.67336683417086,58.85678391959799,59.42211055276382,56.46984924623116,57.34924623115578,58.41708542713568,57.09798994974874,57.663316582914575,54.52261306532663,48.743718592964825,52.51256281407035,52.1356783919598,51.69597989949749,52.01005025125628,49.49748743718593,49.74874371859296,50.0,58.47989949748744,50.12562814070352,48.36683417085427,48.42964824120603,48.9321608040201
49,orbeon-orbeon-forms.csv,39.8039954768187,41.123256690539016,42.55559743686393,42.74406332453826,40.40708631737655,42.66867696946853,40.93479080286468,41.27402940067848,43.46023369770072,42.4802110817942,42.29174519411986,42.02789295137581,41.65096117602714,42.55559743686393,42.932529212212586,47.22955145118733,47.9457218243498,46.73954014323407,47.04108556351301,46.32491519035055,46.77723332076894,46.09875612514135,47.68186958160573,45.45797210704863,45.382585751978894,48.435733132303056,46.58876743309461,47.22955145118733,44.02563136072371,40.520165849981154,42.442517904259326,42.517904259329065,39.72860912174897,40.89709762532981,40.105540897097626,43.19638145495665,39.3516773464003,46.89031285337354,41.08556351300415,39.0124387485865,39.16321145872597,39.4647568790049
