,project,algorithm,batch_size,total_duration,testall_duration,time_saved,builds_saved,total_builds,testall_size
0,junit-team-junit5.csv,BATCHBISECT,2,181940.0,327087.0,44.3756554066655,41.39150943396226,994,1696
1,junit-team-junit5.csv,BATCHBISECT,4,116933.0,327087.0,64.25018420175672,58.9622641509434,696,1696
2,junit-team-junit5.csv,BATCHBISECT,8,91743.0,327087.0,71.95149914243,65.09433962264151,592,1696
3,junit-team-junit5.csv,BATCHBISECT,16,85330.0,327087.0,73.91213958365817,66.0377358490566,576,1696
4,junit-team-junit5.csv,BATCHSTOP4,4,107413.0,327087.0,67.16072482244785,60.14150943396226,676,1696
5,junit-team-junit5.csv,BATCHSTOP4,8,89984.0,327087.0,72.4892765533329,66.27358490566039,572,1696
6,junit-team-junit5.csv,BATCHSTOP4,16,90363.0,327087.0,72.3734052408075,67.21698113207547,556,1696
7,junit-team-junit5.csv,BATCHDIVIDE4,4,107413.0,327087.0,67.16072482244785,60.14150943396226,676,1696
8,junit-team-junit5.csv,BATCHDIVIDE4,8,89984.0,327087.0,72.4892765533329,66.27358490566039,572,1696
9,junit-team-junit5.csv,BATCHDIVIDE4,16,188969.0,327087.0,42.22668586645143,60.14150943396226,676,1696
10,ratpack-ratpack.csv,BATCHBISECT,2,2021577.0,2004584.0,-0.8477070554289554,0.31982942430703076,1870,1876
11,ratpack-ratpack.csv,BATCHBISECT,4,2219172.0,2004584.0,-10.70486445067904,-8.262260127931768,2031,1876
12,ratpack-ratpack.csv,BATCHBISECT,8,2397150.0,2004584.0,-19.58341481324804,-16.47121535181236,2185,1876
13,ratpack-ratpack.csv,BATCHBISECT,16,2512218.0,2004584.0,-25.323658175461844,-22.17484008528784,2292,1876
14,ratpack-ratpack.csv,BATCHSTOP4,4,1550882.0,2004584.0,22.63322464910425,7.835820895522389,1729,1876
15,ratpack-ratpack.csv,BATCHSTOP4,8,1945813.0,2004584.0,2.931830245078274,-0.3731343283582049,1883,1876
16,ratpack-ratpack.csv,BATCHSTOP4,16,2181206.0,2004584.0,-8.810905404812175,-6.076759061833684,1990,1876
17,ratpack-ratpack.csv,BATCHDIVIDE4,4,1550882.0,2004584.0,22.63322464910425,7.835820895522389,1729,1876
18,ratpack-ratpack.csv,BATCHDIVIDE4,8,1945813.0,2004584.0,2.931830245078274,-0.3731343283582049,1883,1876
19,ratpack-ratpack.csv,BATCHDIVIDE4,16,2051113.0,2004584.0,-2.3211299701085153,7.835820895522389,1729,1876
20,p6spy-p6spy.csv,BATCHBISECT,2,2073591.0,2320366.0,10.635175657633326,-0.15527950310558936,1290,1288
21,p6spy-p6spy.csv,BATCHBISECT,4,2066629.0,2320366.0,10.93521453081108,-4.658385093167695,1348,1288
22,p6spy-p6spy.csv,BATCHBISECT,8,2125712.0,2320366.0,8.388935193844418,-9.394409937888199,1409,1288
23,p6spy-p6spy.csv,BATCHBISECT,16,2180763.0,2320366.0,6.016421547290378,-12.810559006211179,1453,1288
24,p6spy-p6spy.csv,BATCHSTOP4,4,1436133.0,2320366.0,38.10747959589134,15.993788819875775,1082,1288
25,p6spy-p6spy.csv,BATCHSTOP4,8,1667267.0,2320366.0,28.146378631646897,11.257763975155285,1143,1288
26,p6spy-p6spy.csv,BATCHSTOP4,16,1830264.0,2320366.0,21.121754068108217,7.841614906832305,1187,1288
27,p6spy-p6spy.csv,BATCHDIVIDE4,4,1436133.0,2320366.0,38.10747959589134,15.993788819875775,1082,1288
28,p6spy-p6spy.csv,BATCHDIVIDE4,8,1667267.0,2320366.0,28.146378631646897,11.257763975155285,1143,1288
29,p6spy-p6spy.csv,BATCHDIVIDE4,16,2012630.0,2320366.0,13.262390502188012,16.07142857142857,1081,1288
30,apache-tajo.csv,BATCHBISECT,2,,,,18.570318570318577,1048,1287
31,apache-tajo.csv,BATCHBISECT,4,,,,22.2999222999223,1000,1287
32,apache-tajo.csv,BATCHBISECT,8,,,,20.82362082362083,1019,1287
33,apache-tajo.csv,BATCHBISECT,16,,,,18.181818181818187,1053,1287
34,apache-tajo.csv,BATCHSTOP4,4,,,,32.400932400932405,870,1287
35,apache-tajo.csv,BATCHSTOP4,8,,,,30.924630924630918,889,1287
36,apache-tajo.csv,BATCHSTOP4,16,,,,28.282828282828277,923,1287
37,apache-tajo.csv,BATCHDIVIDE4,4,,,,32.400932400932405,870,1287
38,apache-tajo.csv,BATCHDIVIDE4,8,,,,30.924630924630918,889,1287
39,apache-tajo.csv,BATCHDIVIDE4,16,,,,32.47863247863248,869,1287
40,osmdroid-osmdroid.csv,BATCHBISECT,2,12230774.0,11350519.0,-7.75519603993439,-10.338345864661648,1174,1064
41,osmdroid-osmdroid.csv,BATCHBISECT,4,13045556.0,11350519.0,-14.933563830869758,-18.609022556390983,1262,1064
42,osmdroid-osmdroid.csv,BATCHBISECT,8,13726217.0,11350519.0,-20.930302834610472,-24.90601503759399,1329,1064
43,osmdroid-osmdroid.csv,BATCHBISECT,16,14228957.0,11350519.0,-25.359527612790217,-29.417293233082717,1377,1064
44,osmdroid-osmdroid.csv,BATCHSTOP4,4,8319180.0,11350519.0,26.706611389311803,8.458646616541358,974,1064
45,osmdroid-osmdroid.csv,BATCHSTOP4,8,10044546.0,11350519.0,11.505843917797947,2.1616541353383525,1041,1064
46,osmdroid-osmdroid.csv,BATCHSTOP4,16,11142933.0,11350519.0,1.8288679134407886,-2.3496240601503757,1089,1064
47,osmdroid-osmdroid.csv,BATCHDIVIDE4,4,8319180.0,11350519.0,26.706611389311803,8.458646616541358,974,1064
48,osmdroid-osmdroid.csv,BATCHDIVIDE4,8,10044546.0,11350519.0,11.505843917797947,2.1616541353383525,1041,1064
49,osmdroid-osmdroid.csv,BATCHDIVIDE4,16,11161492.0,11350519.0,1.6653599716453442,8.364661654135332,975,1064
50,DSpace-DSpace.csv,BATCHBISECT,2,628775.0,1063649.0,40.885104014576235,40.48223350253807,938,1576
51,DSpace-DSpace.csv,BATCHBISECT,4,451872.0,1063649.0,57.51681240710046,57.10659898477157,676,1576
52,DSpace-DSpace.csv,BATCHBISECT,8,385646.0,1063649.0,63.74311450487896,62.753807106598984,587,1576
53,DSpace-DSpace.csv,BATCHBISECT,16,380061.0,1063649.0,64.26819373684364,63.515228426395936,575,1576
54,DSpace-DSpace.csv,BATCHSTOP4,4,407759.0,1063649.0,61.6641392038163,58.24873096446701,658,1576
55,DSpace-DSpace.csv,BATCHSTOP4,8,377778.0,1063649.0,64.4828322125062,63.89593908629442,569,1576
56,DSpace-DSpace.csv,BATCHSTOP4,16,403440.0,1063649.0,62.07019420880384,64.65736040609137,557,1576
57,DSpace-DSpace.csv,BATCHDIVIDE4,4,407759.0,1063649.0,61.6641392038163,58.24873096446701,658,1576
58,DSpace-DSpace.csv,BATCHDIVIDE4,8,377778.0,1063649.0,64.4828322125062,63.89593908629442,569,1576
59,DSpace-DSpace.csv,BATCHDIVIDE4,16,681799.0,1063649.0,35.9000008461438,58.18527918781726,659,1576
60,apache-nifi.csv,BATCHBISECT,2,3358716.0,4088637.0,17.85242857216231,13.139260424862314,1104,1271
61,apache-nifi.csv,BATCHBISECT,4,3222664.0,4088637.0,21.179992256588193,13.611329661683712,1098,1271
62,apache-nifi.csv,BATCHBISECT,8,3300270.0,4088637.0,19.28190250198294,10.070810385523217,1143,1271
63,apache-nifi.csv,BATCHBISECT,16,3417416.0,4088637.0,16.41674230311959,6.372934697088908,1190,1271
64,apache-nifi.csv,BATCHSTOP4,4,2353451.0,4088637.0,42.43922852530073,25.96380802517703,941,1271
65,apache-nifi.csv,BATCHSTOP4,8,2730182.0,4088637.0,33.22513101554381,22.42328874901652,986,1271
66,apache-nifi.csv,BATCHSTOP4,16,3031448.0,4088637.0,25.856758621516164,18.725413060582213,1033,1271
67,apache-nifi.csv,BATCHDIVIDE4,4,2353451.0,4088637.0,42.43922852530073,25.96380802517703,941,1271
68,apache-nifi.csv,BATCHDIVIDE4,8,2730182.0,4088637.0,33.22513101554381,22.42328874901652,986,1271
69,apache-nifi.csv,BATCHDIVIDE4,16,3375440.0,4088637.0,17.443392504641523,25.88512981904013,942,1271
70,caelum-vraptor4.csv,BATCHBISECT,2,158940.0,228882.0,30.55810417595093,32.07282913165267,970,1428
71,caelum-vraptor4.csv,BATCHBISECT,4,135350.0,228882.0,40.864725054831744,42.08683473389356,827,1428
72,caelum-vraptor4.csv,BATCHBISECT,8,134026.0,228882.0,41.44318906685541,43.207282913165265,811,1428
73,caelum-vraptor4.csv,BATCHBISECT,16,137656.0,228882.0,39.85721900367875,41.31652661064426,838,1428
74,caelum-vraptor4.csv,BATCHSTOP4,4,108257.0,228882.0,52.70182888999572,45.02801120448179,785,1428
75,caelum-vraptor4.csv,BATCHSTOP4,8,119006.0,228882.0,48.00552249630814,46.148459383753504,769,1428
76,caelum-vraptor4.csv,BATCHSTOP4,16,133764.0,228882.0,41.557658531470366,44.25770308123249,796,1428
77,caelum-vraptor4.csv,BATCHDIVIDE4,4,108257.0,228882.0,52.70182888999572,45.02801120448179,785,1428
78,caelum-vraptor4.csv,BATCHDIVIDE4,8,119006.0,228882.0,48.00552249630814,46.148459383753504,769,1428
79,caelum-vraptor4.csv,BATCHDIVIDE4,16,164084.0,228882.0,28.31065789358709,45.02801120448179,785,1428
80,grails-grails-core.csv,BATCHBISECT,2,1626037.0,1863380.0,12.737230194592627,4.048964218455737,1019,1062
81,grails-grails-core.csv,BATCHBISECT,4,1675002.0,1863380.0,10.109478474599925,-2.071563088512235,1084,1062
82,grails-grails-core.csv,BATCHBISECT,8,1770370.0,1863380.0,4.991467118891478,-8.945386064030131,1157,1062
83,grails-grails-core.csv,BATCHBISECT,16,1845674.0,1863380.0,0.9502087604246015,-13.465160075329564,1205,1062
84,grails-grails-core.csv,BATCHSTOP4,4,1258018.0,1863380.0,32.487308010175056,12.806026365348401,926,1062
85,grails-grails-core.csv,BATCHSTOP4,8,1526243.0,1863380.0,18.092766907447754,5.932203389830505,999,1062
86,grails-grails-core.csv,BATCHSTOP4,16,1687621.0,1863380.0,9.43226824372914,1.4124293785310726,1047,1062
87,grails-grails-core.csv,BATCHDIVIDE4,4,1258018.0,1863380.0,32.487308010175056,12.806026365348401,926,1062
88,grails-grails-core.csv,BATCHDIVIDE4,8,1526243.0,1863380.0,18.092766907447754,5.932203389830505,999,1062
89,grails-grails-core.csv,BATCHDIVIDE4,16,1705088.0,1863380.0,8.494885637926785,12.900188323917135,925,1062
90,square-wire.csv,BATCHBISECT,2,148621.0,279385.0,46.804230721048015,44.29590017825312,625,1122
91,square-wire.csv,BATCHBISECT,4,90686.0,279385.0,67.54084864971276,63.903743315508024,405,1122
92,square-wire.csv,BATCHBISECT,8,70412.0,279385.0,74.79750165542173,71.21212121212122,323,1122
93,square-wire.csv,BATCHBISECT,16,65552.0,279385.0,76.53703670562128,72.99465240641712,303,1122
94,square-wire.csv,BATCHSTOP4,4,88391.0,279385.0,68.36229575675144,64.26024955436719,401,1122
95,square-wire.csv,BATCHSTOP4,8,75067.0,279385.0,73.13134205487052,71.56862745098039,319,1122
96,square-wire.csv,BATCHSTOP4,16,76621.0,279385.0,72.57512035363388,73.35115864527629,299,1122
97,square-wire.csv,BATCHDIVIDE4,4,88391.0,279385.0,68.36229575675144,64.26024955436719,401,1122
98,square-wire.csv,BATCHDIVIDE4,8,75067.0,279385.0,73.13134205487052,71.56862745098039,319,1122
99,square-wire.csv,BATCHDIVIDE4,16,157098.0,279385.0,43.77006639583371,64.26024955436719,401,1122
100,puniverse-quasar.csv,BATCHBISECT,2,589792.0,973636.0,39.423768225497,35.59589581689029,816,1267
101,puniverse-quasar.csv,BATCHBISECT,4,446331.0,973636.0,54.15833021786376,48.46093133385951,653,1267
102,puniverse-quasar.csv,BATCHBISECT,8,408427.0,973636.0,58.05136621899766,50.828729281767956,623,1267
103,puniverse-quasar.csv,BATCHBISECT,16,411791.0,973636.0,57.70585721974126,49.32912391475927,642,1267
104,puniverse-quasar.csv,BATCHSTOP4,4,392567.0,973636.0,59.68031173867852,50.67087608524073,625,1267
105,puniverse-quasar.csv,BATCHSTOP4,8,397357.0,973636.0,59.18834143355422,53.03867403314917,595,1267
106,puniverse-quasar.csv,BATCHSTOP4,16,433478.0,973636.0,55.47843341864927,51.53906866614049,614,1267
107,puniverse-quasar.csv,BATCHDIVIDE4,4,392567.0,973636.0,59.68031173867852,50.67087608524073,625,1267
108,puniverse-quasar.csv,BATCHDIVIDE4,8,397357.0,973636.0,59.18834143355422,53.03867403314917,595,1267
109,puniverse-quasar.csv,BATCHDIVIDE4,16,635708.0,973636.0,34.70783742589633,50.67087608524073,625,1267
110,dropwizard-dropwizard.csv,BATCHBISECT,2,2360810.0,3857892.0,38.805700107727226,38.415841584158414,1244,2020
111,dropwizard-dropwizard.csv,BATCHBISECT,4,1697118.0,3857892.0,56.00918843762345,55.2970297029703,903,2020
112,dropwizard-dropwizard.csv,BATCHBISECT,8,1443394.0,3857892.0,62.5859407158106,61.93069306930693,769,2020
113,dropwizard-dropwizard.csv,BATCHBISECT,16,1380738.0,3857892.0,64.21004009443499,63.613861386138616,735,2020
114,dropwizard-dropwizard.csv,BATCHSTOP4,4,1413380.0,3857892.0,63.36393035367501,58.76237623762376,833,2020
115,dropwizard-dropwizard.csv,BATCHSTOP4,8,1265115.0,3857892.0,67.20709133381649,65.39603960396039,699,2020
116,dropwizard-dropwizard.csv,BATCHSTOP4,16,1294997.0,3857892.0,66.43252325363179,67.07920792079207,665,2020
117,dropwizard-dropwizard.csv,BATCHDIVIDE4,4,1413380.0,3857892.0,63.36393035367501,58.76237623762376,833,2020
118,dropwizard-dropwizard.csv,BATCHDIVIDE4,8,1265115.0,3857892.0,67.20709133381649,65.39603960396039,699,2020
119,dropwizard-dropwizard.csv,BATCHDIVIDE4,16,2371152.0,3857892.0,38.537626247702114,58.76237623762376,833,2020
120,essentials-Essentials.csv,BATCHBISECT,2,83183.0,68435.0,-21.55037626945277,-22.471910112359552,109,89
121,essentials-Essentials.csv,BATCHBISECT,4,95206.0,68435.0,-39.118871922262,-40.449438202247194,125,89
122,essentials-Essentials.csv,BATCHBISECT,8,103772.0,68435.0,-51.63585884415869,-52.808988764044955,136,89
123,essentials-Essentials.csv,BATCHBISECT,16,107165.0,68435.0,-56.59384817710236,-57.303370786516865,140,89
124,essentials-Essentials.csv,BATCHSTOP4,4,60935.0,68435.0,10.9593044494776,-11.235955056179776,99,89
125,essentials-Essentials.csv,BATCHSTOP4,8,78317.0,68435.0,-14.43997954263169,-23.595505617977523,110,89
126,essentials-Essentials.csv,BATCHSTOP4,16,86218.0,68435.0,-25.985241470008035,-28.089887640449433,114,89
127,essentials-Essentials.csv,BATCHDIVIDE4,4,60935.0,68435.0,10.9593044494776,-11.235955056179776,99,89
128,essentials-Essentials.csv,BATCHDIVIDE4,8,78317.0,68435.0,-14.43997954263169,-23.595505617977523,110,89
129,essentials-Essentials.csv,BATCHDIVIDE4,16,78340.0,68435.0,-14.473588076276755,-11.235955056179776,99,89
130,mybatis-mybatis-3.csv,BATCHBISECT,2,1802574.0,3118789.0,42.20275882722429,40.306834030683405,1284,2151
131,mybatis-mybatis-3.csv,BATCHBISECT,4,1193391.0,3118789.0,61.735436414582715,58.99581589958159,882,2151
132,mybatis-mybatis-3.csv,BATCHBISECT,8,953656.0,3118789.0,69.42223407867606,66.75964667596466,715,2151
133,mybatis-mybatis-3.csv,BATCHBISECT,16,887066.0,3118789.0,71.55735767953523,69.17712691771268,663,2151
134,mybatis-mybatis-3.csv,BATCHSTOP4,4,1032281.0,3118789.0,66.90122351977001,62.34309623430963,810,2151
135,mybatis-mybatis-3.csv,BATCHSTOP4,8,876645.0,3118789.0,71.89149378172104,70.1069270106927,643,2151
136,mybatis-mybatis-3.csv,BATCHSTOP4,16,868718.0,3118789.0,72.14566294802245,72.52440725244072,591,2151
137,mybatis-mybatis-3.csv,BATCHDIVIDE4,4,1032281.0,3118789.0,66.90122351977001,62.34309623430963,810,2151
138,mybatis-mybatis-3.csv,BATCHDIVIDE4,8,876645.0,3118789.0,71.89149378172104,70.1069270106927,643,2151
139,mybatis-mybatis-3.csv,BATCHDIVIDE4,16,1808166.0,3118789.0,42.0234584641667,62.38958623895862,809,2151
140,naver-pinpoint.csv,BATCHBISECT,2,982187.0,1560533.0,37.06079909876946,34.50046685340803,1403,2142
141,naver-pinpoint.csv,BATCHBISECT,4,738124.0,1560533.0,52.70051963015201,49.112978524743234,1090,2142
142,naver-pinpoint.csv,BATCHBISECT,8,650522.0,1560533.0,58.31411447242705,54.52847805788982,974,2142
143,naver-pinpoint.csv,BATCHBISECT,16,634826.0,1560533.0,59.3199246667645,55.55555555555556,952,2142
144,naver-pinpoint.csv,BATCHSTOP4,4,611325.0,1560533.0,60.8258844894661,54.248366013071895,980,2142
145,naver-pinpoint.csv,BATCHSTOP4,8,574002.0,1560533.0,63.21756733116185,59.66386554621849,864,2142
146,naver-pinpoint.csv,BATCHSTOP4,16,601619.0,1560533.0,61.44785147126014,60.550887021475255,845,2142
147,naver-pinpoint.csv,BATCHDIVIDE4,4,611325.0,1560533.0,60.8258844894661,54.248366013071895,980,2142
148,naver-pinpoint.csv,BATCHDIVIDE4,8,574002.0,1560533.0,63.21756733116185,59.66386554621849,864,2142
149,naver-pinpoint.csv,BATCHDIVIDE4,16,999102.0,1560533.0,35.97687456785599,54.10830999066293,983,2142
150,FasterXML-jackson-databind.csv,BATCHBISECT,2,470154.0,653412.0,28.0463168720501,18.56314145470772,1825,2241
151,FasterXML-jackson-databind.csv,BATCHBISECT,4,397910.0,653412.0,39.10274069040666,25.256581883087904,1675,2241
152,FasterXML-jackson-databind.csv,BATCHBISECT,8,379128.0,653412.0,41.97719050155185,26.149040606871935,1655,2241
153,FasterXML-jackson-databind.csv,BATCHBISECT,16,380603.0,653412.0,41.75145237614247,25.167336010709505,1677,2241
154,FasterXML-jackson-databind.csv,BATCHSTOP4,4,298239.0,653412.0,54.356669299002775,38.37572512271308,1381,2241
155,FasterXML-jackson-databind.csv,BATCHSTOP4,8,310327.0,653412.0,52.50668797022399,39.2681838464971,1361,2241
156,FasterXML-jackson-databind.csv,BATCHSTOP4,16,332836.0,653412.0,49.06184765507827,38.28647925033467,1383,2241
157,FasterXML-jackson-databind.csv,BATCHDIVIDE4,4,298239.0,653412.0,54.356669299002775,38.37572512271308,1381,2241
158,FasterXML-jackson-databind.csv,BATCHDIVIDE4,8,310327.0,653412.0,52.50668797022399,39.2681838464971,1361,2241
159,FasterXML-jackson-databind.csv,BATCHDIVIDE4,16,462797.0,653412.0,29.172252728753065,38.37572512271308,1381,2241
160,samtools-htsjdk.csv,BATCHBISECT,2,1024783.0,1704858.0,39.89041902610071,37.56582796957285,1067,1709
161,samtools-htsjdk.csv,BATCHBISECT,4,719827.0,1704858.0,57.77789117920671,54.35927442949093,780,1709
162,samtools-htsjdk.csv,BATCHBISECT,8,603426.0,1704858.0,64.60549793589848,60.561732007021654,674,1709
163,samtools-htsjdk.csv,BATCHBISECT,16,575462.0,1704858.0,66.24575184560825,62.0245757753072,649,1709
164,samtools-htsjdk.csv,BATCHSTOP4,4,608638.0,1704858.0,64.29978332506285,58.57226448215331,708,1709
165,samtools-htsjdk.csv,BATCHSTOP4,8,546465.0,1704858.0,67.94659731191689,64.77472205968402,602,1709
166,samtools-htsjdk.csv,BATCHSTOP4,16,556044.0,1704858.0,67.38473233547896,66.296079578701,576,1709
167,samtools-htsjdk.csv,BATCHDIVIDE4,4,608638.0,1704858.0,64.29978332506285,58.57226448215331,708,1709
168,samtools-htsjdk.csv,BATCHDIVIDE4,8,546465.0,1704858.0,67.94659731191689,64.77472205968402,602,1709
169,samtools-htsjdk.csv,BATCHDIVIDE4,16,1036437.0,1704858.0,39.20684303326142,58.57226448215331,708,1709
170,deeplearning4j-deeplearning4j.csv,BATCHBISECT,2,,,,-41.19565217391303,2598,1840
171,deeplearning4j-deeplearning4j.csv,BATCHBISECT,4,,,,-63.260869565217405,3004,1840
172,deeplearning4j-deeplearning4j.csv,BATCHBISECT,8,,,,-74.8913043478261,3218,1840
173,deeplearning4j-deeplearning4j.csv,BATCHBISECT,16,,,,-80.92391304347825,3329,1840
174,deeplearning4j-deeplearning4j.csv,BATCHSTOP4,4,,,,-19.130434782608702,2192,1840
175,deeplearning4j-deeplearning4j.csv,BATCHSTOP4,8,,,,-30.760869565217405,2406,1840
176,deeplearning4j-deeplearning4j.csv,BATCHSTOP4,16,,,,-36.79347826086956,2517,1840
177,deeplearning4j-deeplearning4j.csv,BATCHDIVIDE4,4,,,,-19.130434782608702,2192,1840
178,deeplearning4j-deeplearning4j.csv,BATCHDIVIDE4,8,,,,-30.760869565217405,2406,1840
179,deeplearning4j-deeplearning4j.csv,BATCHDIVIDE4,16,,,,-19.130434782608702,2192,1840
180,open-keychain-open-keychain.csv,BATCHBISECT,2,557228.0,698932.0,20.27436145433319,21.03196859226024,1408,1783
181,open-keychain-open-keychain.csv,BATCHBISECT,4,521217.0,698932.0,25.426650947445538,26.416152551878852,1312,1783
182,open-keychain-open-keychain.csv,BATCHBISECT,8,531469.0,698932.0,23.95984158687827,25.014021312394846,1337,1783
183,open-keychain-open-keychain.csv,BATCHBISECT,16,553383.0,698932.0,20.824486502263454,21.929332585530005,1392,1783
184,open-keychain-open-keychain.csv,BATCHSTOP4,4,385396.0,698932.0,44.859299617130134,35.558048233314636,1149,1783
185,open-keychain-open-keychain.csv,BATCHSTOP4,8,448132.0,698932.0,35.88331912117344,34.04374649467191,1176,1783
186,open-keychain-open-keychain.csv,BATCHSTOP4,16,503520.0,698932.0,27.958656922275694,30.959057767807067,1231,1783
187,open-keychain-open-keychain.csv,BATCHDIVIDE4,4,385396.0,698932.0,44.859299617130134,35.558048233314636,1149,1783
188,open-keychain-open-keychain.csv,BATCHDIVIDE4,8,448132.0,698932.0,35.88331912117344,34.04374649467191,1176,1783
189,open-keychain-open-keychain.csv,BATCHDIVIDE4,16,561348.0,698932.0,19.684890661752505,35.50196298373528,1150,1783
190,yegor256-takes.csv,BATCHBISECT,2,1527083.0,1809229.0,15.594819671804956,18.46965699208444,2163,2653
191,yegor256-takes.csv,BATCHBISECT,4,1461406.0,1809229.0,19.224929514174264,24.538258575197887,2002,2653
192,yegor256-takes.csv,BATCHBISECT,8,1479492.0,1809229.0,18.225277176078876,24.839803995476814,1994,2653
193,yegor256-takes.csv,BATCHBISECT,16,1511990.0,1809229.0,16.429042426359516,23.407463249151903,2032,2653
194,yegor256-takes.csv,BATCHSTOP4,4,1023741.0,1809229.0,43.41562068704404,37.127779871843195,1668,2653
195,yegor256-takes.csv,BATCHSTOP4,8,1162751.0,1809229.0,35.73223732319126,37.42932529212212,1660,2653
196,yegor256-takes.csv,BATCHSTOP4,16,1273147.0,1809229.0,29.630411628378724,35.996984545797204,1698,2653
197,yegor256-takes.csv,BATCHDIVIDE4,4,1023741.0,1809229.0,43.41562068704404,37.127779871843195,1668,2653
198,yegor256-takes.csv,BATCHDIVIDE4,8,1162751.0,1809229.0,35.73223732319126,37.42932529212212,1660,2653
199,yegor256-takes.csv,BATCHDIVIDE4,16,1484669.0,1809229.0,17.9391331887782,37.127779871843195,1668,2653
200,keycloak-keycloak.csv,BATCHBISECT,2,3122451.0,4564913.0,31.59889356051255,34.83870967741936,1515,2325
201,keycloak-keycloak.csv,BATCHBISECT,4,2680135.0,4564913.0,41.288366284308154,46.83870967741935,1236,2325
202,keycloak-keycloak.csv,BATCHBISECT,8,2652175.0,4564913.0,41.90086426619741,49.03225806451613,1185,2325
203,keycloak-keycloak.csv,BATCHBISECT,16,2741812.0,4564913.0,39.93725619743465,47.87096774193548,1212,2325
204,keycloak-keycloak.csv,BATCHSTOP4,4,2191470.0,4564913.0,51.9931705160646,48.98924731182796,1186,2325
205,keycloak-keycloak.csv,BATCHSTOP4,8,2436249.0,4564913.0,46.63098727182752,51.13978494623656,1136,2325
206,keycloak-keycloak.csv,BATCHSTOP4,16,2716664.0,4564913.0,40.488153881574526,49.97849462365591,1163,2325
207,keycloak-keycloak.csv,BATCHDIVIDE4,4,2191470.0,4564913.0,51.9931705160646,48.98924731182796,1186,2325
208,keycloak-keycloak.csv,BATCHDIVIDE4,8,2436249.0,4564913.0,46.63098727182752,51.13978494623656,1136,2325
209,keycloak-keycloak.csv,BATCHDIVIDE4,16,3329930.0,4564913.0,27.053812416578367,48.98924731182796,1186,2325
210,rackerlabs-blueflood.csv,BATCHBISECT,2,4051684.0,5554911.0,27.06122564339914,25.45289855072464,1646,2208
211,rackerlabs-blueflood.csv,BATCHBISECT,4,3602182.0,5554911.0,35.153200474319036,33.423913043478265,1470,2208
212,rackerlabs-blueflood.csv,BATCHBISECT,8,3623507.0,5554911.0,34.769305934874566,33.69565217391305,1464,2208
213,rackerlabs-blueflood.csv,BATCHBISECT,16,3746360.0,5554911.0,32.55769534381379,31.8840579710145,1504,2208
214,rackerlabs-blueflood.csv,BATCHSTOP4,4,2794239.0,5554911.0,49.69786194594297,40.94202898550725,1304,2208
215,rackerlabs-blueflood.csv,BATCHSTOP4,8,3172773.0,5554911.0,42.883459338952505,41.21376811594203,1298,2208
216,rackerlabs-blueflood.csv,BATCHSTOP4,16,3523183.0,5554911.0,36.57534747181368,39.40217391304348,1338,2208
217,rackerlabs-blueflood.csv,BATCHDIVIDE4,4,2794239.0,5554911.0,49.69786194594297,40.94202898550725,1304,2208
218,rackerlabs-blueflood.csv,BATCHDIVIDE4,8,3172773.0,5554911.0,42.883459338952505,41.21376811594203,1298,2208
219,rackerlabs-blueflood.csv,BATCHDIVIDE4,16,4182864.0,5554911.0,24.699711660546853,40.94202898550725,1304,2208
220,xetorthio-jedis.csv,BATCHBISECT,2,391435.0,566818.0,30.94167792836501,31.532663316582912,1090,1592
221,xetorthio-jedis.csv,BATCHBISECT,4,320728.0,566818.0,43.416052418942236,44.346733668341706,886,1592
222,xetorthio-jedis.csv,BATCHBISECT,8,297674.0,566818.0,47.48331916064769,48.30402010050251,823,1592
223,xetorthio-jedis.csv,BATCHBISECT,16,300602.0,566818.0,46.96675123231796,47.8643216080402,830,1592
224,xetorthio-jedis.csv,BATCHSTOP4,4,246916.0,566818.0,56.43822179253306,50.62814070351759,786,1592
225,xetorthio-jedis.csv,BATCHSTOP4,8,248521.0,566818.0,56.15506211870477,54.585427135678394,723,1592
226,xetorthio-jedis.csv,BATCHSTOP4,16,268741.0,566818.0,52.58777949888677,54.14572864321608,730,1592
227,xetorthio-jedis.csv,BATCHDIVIDE4,4,246916.0,566818.0,56.43822179253306,50.62814070351759,786,1592
228,xetorthio-jedis.csv,BATCHDIVIDE4,8,248521.0,566818.0,56.15506211870477,54.585427135678394,723,1592
229,xetorthio-jedis.csv,BATCHDIVIDE4,16,388130.0,566818.0,31.52475750593665,50.69095477386934,785,1592
230,orbeon-orbeon-forms.csv,BATCHBISECT,2,2784878.0,2722955.0,-2.274110295616339,-4.709871891484553,2779,2654
231,orbeon-orbeon-forms.csv,BATCHBISECT,4,2932771.0,2722955.0,-7.705452348643291,-11.379050489826682,2956,2654
232,orbeon-orbeon-forms.csv,BATCHBISECT,8,3089936.0,2722955.0,-13.477306822918479,-17.407686510926908,3116,2654
233,orbeon-orbeon-forms.csv,BATCHBISECT,16,3204312.0,2722955.0,-17.677743480887486,-21.70308967596081,3230,2654
234,orbeon-orbeon-forms.csv,BATCHSTOP4,4,1949153.0,2722955.0,28.41773000288289,11.605124340617934,2346,2654
235,orbeon-orbeon-forms.csv,BATCHSTOP4,8,2339747.0,2722955.0,14.073240284911066,5.651846269781458,2504,2654
236,orbeon-orbeon-forms.csv,BATCHSTOP4,16,2599414.0,2722955.0,4.537019524744252,1.3941220798794234,2617,2654
237,orbeon-orbeon-forms.csv,BATCHDIVIDE4,4,1949153.0,2722955.0,28.41773000288289,11.605124340617934,2346,2654
238,orbeon-orbeon-forms.csv,BATCHDIVIDE4,8,2339747.0,2722955.0,14.073240284911066,5.651846269781458,2504,2654
239,orbeon-orbeon-forms.csv,BATCHDIVIDE4,16,2619965.0,2722955.0,3.7822879922730976,11.567445365486066,2347,2654
240,linkedin-gobblin.csv,BATCHBISECT,2,13314285.0,11841513.0,-12.437363367333205,-5.6386651323360155,3672,3476
241,linkedin-gobblin.csv,BATCHBISECT,4,14446509.0,11841513.0,-21.998844235529702,-12.9746835443038,3927,3476
242,linkedin-gobblin.csv,BATCHBISECT,8,15290919.0,11841513.0,-29.129774210440843,-19.533947065592642,4155,3476
243,linkedin-gobblin.csv,BATCHBISECT,16,15853344.0,11841513.0,-33.87937842064608,-24.165707710011503,4316,3476
244,linkedin-gobblin.csv,BATCHSTOP4,4,9097148.0,11841513.0,23.175796876632234,10.327963176064443,3117,3476
245,linkedin-gobblin.csv,BATCHSTOP4,8,11111341.0,11841513.0,6.166205281369031,3.7686996547756024,3345,3476
246,linkedin-gobblin.csv,BATCHSTOP4,16,12308439.0,11841513.0,-3.943127875635483,-0.863060989643273,3506,3476
247,linkedin-gobblin.csv,BATCHDIVIDE4,4,9097148.0,11841513.0,23.175796876632234,10.327963176064443,3117,3476
248,linkedin-gobblin.csv,BATCHDIVIDE4,8,11111341.0,11841513.0,6.166205281369031,3.7686996547756024,3345,3476
249,linkedin-gobblin.csv,BATCHDIVIDE4,16,12050683.0,11841513.0,-1.7664127886360461,10.327963176064443,3117,3476
250,JabRef-jabref.csv,BATCHBISECT,2,652298.0,1065044.0,38.75389185798897,37.42138364779874,1791,2862
251,JabRef-jabref.csv,BATCHBISECT,4,474983.0,1065044.0,55.40249980282505,52.69042627533194,1354,2862
252,JabRef-jabref.csv,BATCHBISECT,8,416645.0,1065044.0,60.880019980395176,57.44234800838574,1218,2862
253,JabRef-jabref.csv,BATCHBISECT,16,406871.0,1065044.0,61.79772854454839,57.9664570230608,1203,2862
254,JabRef-jabref.csv,BATCHSTOP4,4,404859.0,1065044.0,61.986640927510976,55.55555555555556,1272,2862
255,JabRef-jabref.csv,BATCHSTOP4,8,382583.0,1065044.0,64.0781977082637,60.30747728860936,1136,2862
256,JabRef-jabref.csv,BATCHSTOP4,16,401270.0,1065044.0,62.32362231043976,60.83158630328442,1121,2862
257,JabRef-jabref.csv,BATCHDIVIDE4,4,404859.0,1065044.0,61.986640927510976,55.55555555555556,1272,2862
258,JabRef-jabref.csv,BATCHDIVIDE4,8,382583.0,1065044.0,64.0781977082637,60.30747728860936,1136,2862
259,JabRef-jabref.csv,BATCHDIVIDE4,16,670311.0,1065044.0,37.0626002306008,55.55555555555556,1272,2862
260,jOOQ-jOOQ.csv,BATCHBISECT,2,2752997.0,4135475.0,33.429726935841714,23.790205737467403,2630,3451
261,jOOQ-jOOQ.csv,BATCHBISECT,4,2137226.0,4135475.0,48.319697253640754,33.72935381048971,2287,3451
262,jOOQ-jOOQ.csv,BATCHBISECT,8,1929029.0,4135475.0,53.35411288908771,36.65604172703564,2186,3451
263,jOOQ-jOOQ.csv,BATCHBISECT,16,1908504.0,4135475.0,53.85042830630097,36.076499565343376,2206,3451
264,jOOQ-jOOQ.csv,BATCHSTOP4,4,1662013.0,4135475.0,59.8108318875099,44.856563314981166,1903,3451
265,jOOQ-jOOQ.csv,BATCHSTOP4,8,1597584.0,4135475.0,61.3687907676869,47.783251231527096,1802,3451
266,jOOQ-jOOQ.csv,BATCHSTOP4,16,1698112.0,4135475.0,58.93792127869229,47.20370906983483,1822,3451
267,jOOQ-jOOQ.csv,BATCHDIVIDE4,4,1662013.0,4135475.0,59.8108318875099,44.856563314981166,1903,3451
268,jOOQ-jOOQ.csv,BATCHDIVIDE4,8,1597584.0,4135475.0,61.3687907676869,47.783251231527096,1802,3451
269,jOOQ-jOOQ.csv,BATCHDIVIDE4,16,2692197.0,4135475.0,34.899932897671974,44.827586206896555,1904,3451
270,structr-structr.csv,BATCHBISECT,2,10646079.0,10157371.0,-4.811363097793716,-1.0350318471337516,2538,2512
271,structr-structr.csv,BATCHBISECT,4,11339294.0,10157371.0,-11.63611135204178,-6.289808917197448,2670,2512
272,structr-structr.csv,BATCHBISECT,8,12006666.0,10157371.0,-18.206433534819197,-12.340764331210195,2822,2512
273,structr-structr.csv,BATCHBISECT,16,12525807.0,10157371.0,-23.317411562499785,-17.23726114649682,2945,2512
274,structr-structr.csv,BATCHSTOP4,4,7395646.0,10157371.0,27.189368193797392,14.490445859872608,2148,2512
275,structr-structr.csv,BATCHSTOP4,8,9039519.0,10157371.0,11.00532805191422,8.439490445859875,2300,2512
276,structr-structr.csv,BATCHSTOP4,16,10128614.0,10157371.0,0.28311459727127897,3.5429936305732497,2423,2512
277,structr-structr.csv,BATCHDIVIDE4,4,7395646.0,10157371.0,27.189368193797392,14.490445859872608,2148,2512
278,structr-structr.csv,BATCHDIVIDE4,8,9039519.0,10157371.0,11.00532805191422,8.439490445859875,2300,2512
279,structr-structr.csv,BATCHDIVIDE4,16,9931380.0,10157371.0,2.2248965800304035,14.490445859872608,2148,2512
280,floragunncom-search-guard.csv,BATCHBISECT,2,6185644.0,10515790.0,41.1775625036255,40.47097480832421,2174,3652
281,floragunncom-search-guard.csv,BATCHBISECT,4,4020326.0,10515790.0,61.768673585151475,60.70646221248631,1435,3652
282,floragunncom-search-guard.csv,BATCHBISECT,8,3158680.0,10515790.0,69.96250400588067,68.70208105147864,1143,3652
283,floragunncom-search-guard.csv,BATCHBISECT,16,2909479.0,10515790.0,72.3322831665524,71.00219058050384,1059,3652
284,floragunncom-search-guard.csv,BATCHSTOP4,4,3324903.0,10515790.0,68.38180488579555,65.4709748083242,1261,3652
285,floragunncom-search-guard.csv,BATCHSTOP4,8,2691240.0,10515790.0,74.40762890852707,73.46659364731654,969,3652
286,floragunncom-search-guard.csv,BATCHSTOP4,16,2645115.0,10515790.0,74.84625501269994,75.76670317634174,885,3652
287,floragunncom-search-guard.csv,BATCHDIVIDE4,4,3324903.0,10515790.0,68.38180488579555,65.4709748083242,1261,3652
288,floragunncom-search-guard.csv,BATCHDIVIDE4,8,2691240.0,10515790.0,74.40762890852707,73.46659364731654,969,3652
289,floragunncom-search-guard.csv,BATCHDIVIDE4,16,5949785.0,10515790.0,43.42046579477148,65.4709748083242,1261,3652
290,SpongePowered-SpongeForge.csv,BATCHBISECT,2,2362882.0,3313879.0,28.697396615869195,24.002553463134376,2381,3133
291,SpongePowered-SpongeForge.csv,BATCHBISECT,4,2000000.0,3313879.0,39.647766258212805,32.524736674114266,2114,3133
292,SpongePowered-SpongeForge.csv,BATCHBISECT,8,1911709.0,3313879.0,42.31204579286087,34.24832428981807,2060,3133
293,SpongePowered-SpongeForge.csv,BATCHBISECT,16,1939928.0,3313879.0,41.46050595088113,33.03542930098946,2098,3133
294,SpongePowered-SpongeForge.csv,BATCHSTOP4,4,1527475.0,3313879.0,53.90673588263181,42.03638684966486,1816,3133
295,SpongePowered-SpongeForge.csv,BATCHSTOP4,8,1594072.0,3313879.0,51.8970970273809,43.75997446536866,1762,3133
296,SpongePowered-SpongeForge.csv,BATCHSTOP4,16,1739186.0,3313879.0,47.51812000377805,42.515161187360356,1801,3133
297,SpongePowered-SpongeForge.csv,BATCHDIVIDE4,4,1527475.0,3313879.0,53.90673588263181,42.03638684966486,1816,3133
298,SpongePowered-SpongeForge.csv,BATCHDIVIDE4,8,1594072.0,3313879.0,51.8970970273809,43.75997446536866,1762,3133
299,SpongePowered-SpongeForge.csv,BATCHDIVIDE4,16,2355687.0,3313879.0,28.91451377675527,42.03638684966486,1816,3133
300,sakaiproject-sakai.csv,BATCHBISECT,2,3585141.0,5685469.0,36.94203591647408,36.239136160126414,2421,3797
301,sakaiproject-sakai.csv,BATCHBISECT,4,2769363.0,5685469.0,51.29050919106234,49.74980247563866,1908,3797
302,sakaiproject-sakai.csv,BATCHBISECT,8,2569552.0,5685469.0,54.80492462451207,53.305240979720836,1773,3797
303,sakaiproject-sakai.csv,BATCHBISECT,16,2589286.0,5685469.0,54.457829248563314,52.962865420068475,1786,3797
304,sakaiproject-sakai.csv,BATCHSTOP4,4,2369389.0,5685469.0,58.325531279829335,52.014748485646564,1822,3797
305,sakaiproject-sakai.csv,BATCHSTOP4,8,2427116.0,5685469.0,57.31018848225186,55.57018698972873,1687,3797
306,sakaiproject-sakai.csv,BATCHSTOP4,16,2634619.0,5685469.0,53.66048078003767,55.22781143007638,1700,3797
307,sakaiproject-sakai.csv,BATCHDIVIDE4,4,2369389.0,5685469.0,58.325531279829335,52.014748485646564,1822,3797
308,sakaiproject-sakai.csv,BATCHDIVIDE4,8,2427116.0,5685469.0,57.31018848225186,55.57018698972873,1687,3797
309,sakaiproject-sakai.csv,BATCHDIVIDE4,16,3777160.0,5685469.0,33.564671621637544,52.041085067158285,1821,3797
310,dreamhead-moco.csv,BATCHBISECT,2,5867113.0,5320059.0,-10.282855885620819,12.751981879954698,3852,4415
311,dreamhead-moco.csv,BATCHBISECT,4,6217008.0,5320059.0,-16.859756630518575,16.375990939977356,3692,4415
312,dreamhead-moco.csv,BATCHBISECT,8,6441308.0,5320059.0,-21.075875286345507,16.104190260475647,3704,4415
313,dreamhead-moco.csv,BATCHBISECT,16,6591731.0,5320059.0,-23.903343929080492,14.65458663646659,3768,4415
314,dreamhead-moco.csv,BATCHSTOP4,4,3847032.0,5320059.0,27.688170375554108,32.25368063420159,2991,4415
315,dreamhead-moco.csv,BATCHSTOP4,8,4521464.0,5320059.0,15.011017734953697,31.98187995469989,3003,4415
316,dreamhead-moco.csv,BATCHSTOP4,16,4911971.0,5320059.0,7.670741997410175,30.53227633069082,3067,4415
317,dreamhead-moco.csv,BATCHDIVIDE4,4,3847032.0,5320059.0,27.688170375554108,32.25368063420159,2991,4415
318,dreamhead-moco.csv,BATCHDIVIDE4,8,4521464.0,5320059.0,15.011017734953697,31.98187995469989,3003,4415
319,dreamhead-moco.csv,BATCHDIVIDE4,16,5181251.0,5320059.0,2.6091439963353764,32.25368063420159,2991,4415
320,nutzam-nutz.csv,BATCHBISECT,2,3584588.0,3600676.0,0.44680498884098085,-0.3946502959877165,4579,4561
321,nutzam-nutz.csv,BATCHBISECT,4,3681943.0,3600676.0,-2.256992853564171,-3.420302565226919,4717,4561
322,nutzam-nutz.csv,BATCHBISECT,8,3818471.0,3600676.0,-6.048725294916849,-7.673755755316819,4911,4561
323,nutzam-nutz.csv,BATCHBISECT,16,3952310.0,3600676.0,-9.765777315148597,-11.422933567200175,5082,4561
324,nutzam-nutz.csv,BATCHSTOP4,4,2397642.0,3600676.0,33.41133720445828,18.943214207410662,3697,4561
325,nutzam-nutz.csv,BATCHSTOP4,8,2833591.0,3600676.0,21.30391626461254,14.689761017320762,3891,4561
326,nutzam-nutz.csv,BATCHSTOP4,16,3140253.0,3600676.0,12.787126639553236,10.940583205437406,4062,4561
327,nutzam-nutz.csv,BATCHDIVIDE4,4,2397642.0,3600676.0,33.41133720445828,18.943214207410662,3697,4561
328,nutzam-nutz.csv,BATCHDIVIDE4,8,2833591.0,3600676.0,21.30391626461254,14.689761017320762,3891,4561
329,nutzam-nutz.csv,BATCHDIVIDE4,16,3299793.0,3600676.0,8.35629198517168,18.943214207410662,3697,4561
330,CloudSlang-cloud-slang.csv,BATCHBISECT,2,1583927.0,2125647.0,25.484946465711374,22.591055786076538,1679,2169
331,CloudSlang-cloud-slang.csv,BATCHBISECT,4,1407312.0,2125647.0,33.793710808991335,30.059935454126332,1517,2169
332,CloudSlang-cloud-slang.csv,BATCHBISECT,8,1396495.0,2125647.0,34.30259116400795,30.382664822498853,1510,2169
333,CloudSlang-cloud-slang.csv,BATCHBISECT,16,1437633.0,2125647.0,32.36727452864939,28.446288612263714,1552,2169
334,CloudSlang-cloud-slang.csv,BATCHSTOP4,4,1064044.0,2125647.0,49.942582187917374,39.92623328722914,1303,2169
335,CloudSlang-cloud-slang.csv,BATCHSTOP4,8,1183224.0,2125647.0,44.335818694261086,40.24896265560166,1296,2169
336,CloudSlang-cloud-slang.csv,BATCHSTOP4,16,1310283.0,2125647.0,38.35839158618529,38.31258644536653,1338,2169
337,CloudSlang-cloud-slang.csv,BATCHDIVIDE4,4,1064044.0,2125647.0,49.942582187917374,39.92623328722914,1303,2169
338,CloudSlang-cloud-slang.csv,BATCHDIVIDE4,8,1183224.0,2125647.0,44.335818694261086,40.24896265560166,1296,2169
339,CloudSlang-cloud-slang.csv,BATCHDIVIDE4,16,1589577.0,2125647.0,25.219145041486186,40.018441678192715,1301,2169
340,geotools-geotools.csv,BATCHBISECT,2,,,,-0.11655011655011549,4295,4290
341,geotools-geotools.csv,BATCHBISECT,4,,,,-1.8414918414918446,4369,4290
342,geotools-geotools.csv,BATCHBISECT,8,,,,-4.312354312354316,4475,4290
343,geotools-geotools.csv,BATCHBISECT,16,,,,-6.596736596736591,4573,4290
344,geotools-geotools.csv,BATCHSTOP4,4,,,,21.561771561771565,3365,4290
345,geotools-geotools.csv,BATCHSTOP4,8,,,,19.090909090909093,3471,4290
346,geotools-geotools.csv,BATCHSTOP4,16,,,,16.806526806526804,3569,4290
347,geotools-geotools.csv,BATCHDIVIDE4,4,,,,21.561771561771565,3365,4290
348,geotools-geotools.csv,BATCHDIVIDE4,8,,,,19.090909090909093,3471,4290
349,geotools-geotools.csv,BATCHDIVIDE4,16,,,,21.561771561771565,3365,4290
350,CloudifySource-cloudify.csv,BATCHBISECT,2,,,,20.43512043512044,4096,5148
351,CloudifySource-cloudify.csv,BATCHBISECT,4,,,,25.893550893550895,3815,5148
352,CloudifySource-cloudify.csv,BATCHBISECT,8,,,,25.13597513597513,3854,5148
353,CloudifySource-cloudify.csv,BATCHBISECT,16,,,,22.45532245532246,3992,5148
354,CloudifySource-cloudify.csv,BATCHSTOP4,4,,,,35.91686091686091,3299,5148
355,CloudifySource-cloudify.csv,BATCHSTOP4,8,,,,35.15928515928516,3338,5148
356,CloudifySource-cloudify.csv,BATCHSTOP4,16,,,,32.51748251748252,3474,5148
357,CloudifySource-cloudify.csv,BATCHDIVIDE4,4,,,,35.91686091686091,3299,5148
358,CloudifySource-cloudify.csv,BATCHDIVIDE4,8,,,,35.15928515928516,3338,5148
359,CloudifySource-cloudify.csv,BATCHDIVIDE4,16,,,,35.93628593628594,3298,5148
360,SpongePowered-SpongeCommon.csv,BATCHBISECT,2,2034311.0,3085728.0,34.073547636084584,27.8600269179004,2680,3715
361,SpongePowered-SpongeCommon.csv,BATCHBISECT,4,1558871.0,3085728.0,49.48125693515436,39.623149394347244,2243,3715
362,SpongePowered-SpongeCommon.csv,BATCHBISECT,8,1422357.0,3085728.0,53.905302087546275,42.58411843876178,2133,3715
363,SpongePowered-SpongeCommon.csv,BATCHBISECT,16,1427092.0,3085728.0,53.75185369546506,41.83041722745626,2161,3715
364,SpongePowered-SpongeCommon.csv,BATCHSTOP4,4,1216572.0,3085728.0,60.574230781196526,48.50605652759085,1913,3715
365,SpongePowered-SpongeCommon.csv,BATCHSTOP4,8,1200699.0,3085728.0,61.0886312727499,51.46702557200538,1803,3715
366,SpongePowered-SpongeCommon.csv,BATCHSTOP4,16,1308640.0,3085728.0,57.59055885677545,50.713324360699865,1831,3715
367,SpongePowered-SpongeCommon.csv,BATCHDIVIDE4,4,1216572.0,3085728.0,60.574230781196526,48.50605652759085,1913,3715
368,SpongePowered-SpongeCommon.csv,BATCHDIVIDE4,8,1200699.0,3085728.0,61.0886312727499,51.46702557200538,1803,3715
369,SpongePowered-SpongeCommon.csv,BATCHDIVIDE4,16,1987113.0,3085728.0,35.60310565286376,48.50605652759085,1913,3715
370,apache-zeppelin.csv,BATCHBISECT,2,42700111.0,37993455.0,-12.388070524252143,-9.061348363321045,5031,4613
371,apache-zeppelin.csv,BATCHBISECT,4,46096712.0,37993455.0,-21.32803399954018,-16.88705831346195,5392,4613
372,apache-zeppelin.csv,BATCHBISECT,8,48639111.0,37993455.0,-28.01971023693423,-23.151961846954265,5681,4613
373,apache-zeppelin.csv,BATCHBISECT,16,50388476.0,37993455.0,-32.624095386955474,-27.6176024279211,5887,4613
374,apache-zeppelin.csv,BATCHSTOP4,4,28819032.0,37993455.0,24.14737748909647,9.343160632993715,4182,4613
375,apache-zeppelin.csv,BATCHSTOP4,8,35002475.0,37993455.0,7.8723559097218185,3.078257099501414,4471,4613
376,apache-zeppelin.csv,BATCHSTOP4,16,38820105.0,37993455.0,-2.1757694845072706,-1.3873834814654202,4677,4613
377,apache-zeppelin.csv,BATCHDIVIDE4,4,28819032.0,37993455.0,24.14737748909647,9.343160632993715,4182,4613
378,apache-zeppelin.csv,BATCHDIVIDE4,8,35002475.0,37993455.0,7.8723559097218185,3.078257099501414,4471,4613
379,apache-zeppelin.csv,BATCHDIVIDE4,16,38295667.0,37993455.0,-0.7954317394930257,9.364838499891604,4181,4613
380,typetools-checker-framework.csv,BATCHBISECT,2,26602838.0,36090133.0,26.287780651847413,11.239886289088119,4059,4573
381,typetools-checker-framework.csv,BATCHBISECT,4,23073723.0,36090133.0,36.066395211123215,13.929586704570298,3936,4573
382,typetools-checker-framework.csv,BATCHBISECT,8,22091197.0,36090133.0,38.78881798523713,13.448502077410893,3958,4573
383,typetools-checker-framework.csv,BATCHBISECT,16,22246665.0,36090133.0,38.358040963717144,11.699103433194836,4038,4573
384,typetools-checker-framework.csv,BATCHSTOP4,4,17368559.0,36090133.0,51.87449433893746,30.373933960201185,3184,4573
385,typetools-checker-framework.csv,BATCHSTOP4,8,18163453.0,36090133.0,49.67196989825446,29.892849333041767,3206,4573
386,typetools-checker-framework.csv,BATCHSTOP4,16,19567287.0,36090133.0,45.782169880061126,28.12158320577302,3287,4573
387,typetools-checker-framework.csv,BATCHDIVIDE4,4,17368559.0,36090133.0,51.87449433893746,30.373933960201185,3184,4573
388,typetools-checker-framework.csv,BATCHDIVIDE4,8,18163453.0,36090133.0,49.67196989825446,29.892849333041767,3206,4573
389,typetools-checker-framework.csv,BATCHDIVIDE4,16,26344925.0,36090133.0,27.002416422239293,30.373933960201185,3184,4573
390,geoserver-geoserver.csv,BATCHBISECT,2,,,,-6.870229007633583,5740,5371
391,geoserver-geoserver.csv,BATCHBISECT,4,,,,-15.304412586110587,6193,5371
392,geoserver-geoserver.csv,BATCHBISECT,8,,,,-21.913982498603616,6548,5371
393,geoserver-geoserver.csv,BATCHBISECT,16,,,,-26.45689815676782,6792,5371
394,geoserver-geoserver.csv,BATCHSTOP4,4,,,,8.117668962949168,4935,5371
395,geoserver-geoserver.csv,BATCHSTOP4,8,,,,1.5080990504561527,5290,5371
396,geoserver-geoserver.csv,BATCHSTOP4,16,,,,-3.0348166077080663,5534,5371
397,geoserver-geoserver.csv,BATCHDIVIDE4,4,,,,8.117668962949168,4935,5371
398,geoserver-geoserver.csv,BATCHDIVIDE4,8,,,,1.5080990504561527,5290,5371
399,geoserver-geoserver.csv,BATCHDIVIDE4,16,,,,8.061813442561913,4938,5371
400,ngageoint-geowave.csv,BATCHBISECT,2,15062086.0,25407015.0,40.71682171242863,31.526925698704844,2009,2934
401,ngageoint-geowave.csv,BATCHBISECT,4,10870184.0,25407015.0,57.21581618305023,43.69461486025903,1652,2934
402,ngageoint-geowave.csv,BATCHBISECT,8,9313425.0,25407015.0,63.34309638499446,47.61417859577369,1537,2934
403,ngageoint-geowave.csv,BATCHBISECT,16,8945031.0,25407015.0,64.79306600952532,48.19359236537151,1520,2934
404,ngageoint-geowave.csv,BATCHSTOP4,4,9633484.0,25407015.0,62.08336949460612,49.35241990456714,1486,2934
405,ngageoint-geowave.csv,BATCHSTOP4,8,8936584.0,25407015.0,64.82631273292041,53.2719836400818,1371,2934
406,ngageoint-geowave.csv,BATCHSTOP4,16,9139739.0,25407015.0,64.02671073323647,53.85139740967962,1354,2934
407,ngageoint-geowave.csv,BATCHDIVIDE4,4,9633484.0,25407015.0,62.08336949460612,49.35241990456714,1486,2934
408,ngageoint-geowave.csv,BATCHDIVIDE4,8,8936584.0,25407015.0,64.82631273292041,53.2719836400818,1371,2934
409,ngageoint-geowave.csv,BATCHDIVIDE4,16,15924175.0,25407015.0,37.32370764530977,49.38650306748466,1485,2934
410,sparklemotion-nokogiri.csv,BATCHBISECT,2,6276969.0,7840328.0,19.93996934822114,13.162862536468168,5060,5827
411,sparklemotion-nokogiri.csv,BATCHBISECT,4,5574754.0,7840328.0,28.896418619221038,18.740346662090275,4735,5827
412,sparklemotion-nokogiri.csv,BATCHBISECT,8,5285378.0,7840328.0,32.587284613602904,20.73107945769692,4619,5827
413,sparklemotion-nokogiri.csv,BATCHBISECT,16,5179410.0,7840328.0,33.938860721133096,21.280247125450487,4587,5827
414,sparklemotion-nokogiri.csv,BATCHSTOP4,4,3842144.0,7840328.0,50.995111429011644,36.15925862364853,3720,5827
415,sparklemotion-nokogiri.csv,BATCHSTOP4,8,3897106.0,7840328.0,50.29409483888939,38.149991419255194,3604,5827
416,sparklemotion-nokogiri.csv,BATCHSTOP4,16,3982945.0,7840328.0,49.199255439313255,38.69915908700875,3572,5827
417,sparklemotion-nokogiri.csv,BATCHDIVIDE4,4,3842144.0,7840328.0,50.995111429011644,36.15925862364853,3720,5827
418,sparklemotion-nokogiri.csv,BATCHDIVIDE4,8,3897106.0,7840328.0,50.29409483888939,38.149991419255194,3604,5827
419,sparklemotion-nokogiri.csv,BATCHDIVIDE4,16,5803940.0,7840328.0,25.973250098720357,36.15925862364853,3720,5827
420,Graylog2-graylog2-server.csv,BATCHBISECT,2,1777590.0,3250767.0,45.317828069498674,41.94673430564363,1831,3154
421,Graylog2-graylog2-server.csv,BATCHBISECT,4,1150424.0,3250767.0,64.61069033861855,59.89220038046925,1265,3154
422,Graylog2-graylog2-server.csv,BATCHBISECT,8,915200.0,3250767.0,71.8466441919707,66.36017755231452,1061,3154
423,Graylog2-graylog2-server.csv,BATCHBISECT,16,861072.0,3250767.0,73.51172815523229,67.53329105897274,1024,3154
424,Graylog2-graylog2-server.csv,BATCHSTOP4,4,1086576.0,3250767.0,66.57478065945668,60.90678503487635,1233,3154
425,Graylog2-graylog2-server.csv,BATCHSTOP4,8,944681.0,3250767.0,70.93975052656803,67.37476220672161,1029,3154
426,Graylog2-graylog2-server.csv,BATCHSTOP4,16,968134.0,3250767.0,70.21829002201635,68.54787571337984,992,3154
427,Graylog2-graylog2-server.csv,BATCHDIVIDE4,4,1086576.0,3250767.0,66.57478065945668,60.90678503487635,1233,3154
428,Graylog2-graylog2-server.csv,BATCHDIVIDE4,8,944681.0,3250767.0,70.93975052656803,67.37476220672161,1029,3154
429,Graylog2-graylog2-server.csv,BATCHDIVIDE4,16,1902350.0,3250767.0,41.47996457451426,60.90678503487635,1233,3154
430,cloudfoundry-uaa.csv,BATCHBISECT,2,1088888.0,1916617.0,43.18697997565502,40.90909090909091,169,286
431,cloudfoundry-uaa.csv,BATCHBISECT,4,741444.0,1916617.0,61.31496277033961,58.04195804195804,120,286
432,cloudfoundry-uaa.csv,BATCHBISECT,8,582823.0,1916617.0,69.59105548995966,65.73426573426573,98,286
433,cloudfoundry-uaa.csv,BATCHBISECT,16,533743.0,1916617.0,72.15181749927085,68.53146853146853,90,286
434,cloudfoundry-uaa.csv,BATCHSTOP4,4,676295.0,1916617.0,64.71412911395443,59.44055944055944,116,286
435,cloudfoundry-uaa.csv,BATCHSTOP4,8,557564.0,1916617.0,70.90895051019584,67.13286713286713,94,286
436,cloudfoundry-uaa.csv,BATCHSTOP4,16,538313.0,1916617.0,71.91337653793116,69.93006993006993,86,286
437,cloudfoundry-uaa.csv,BATCHDIVIDE4,4,676295.0,1916617.0,64.71412911395443,59.44055944055944,116,286
438,cloudfoundry-uaa.csv,BATCHDIVIDE4,8,557564.0,1916617.0,70.90895051019584,67.13286713286713,94,286
439,cloudfoundry-uaa.csv,BATCHDIVIDE4,16,1159707.0,1916617.0,39.49197987913078,59.44055944055944,116,286
440,apache-jackrabbit-oak.csv,BATCHBISECT,2,,,,-7.225738396624479,8132,7584
441,apache-jackrabbit-oak.csv,BATCHBISECT,4,,,,-16.904008438818565,8866,7584
442,apache-jackrabbit-oak.csv,BATCHBISECT,8,,,,-24.841772151898738,9468,7584
443,apache-jackrabbit-oak.csv,BATCHBISECT,16,,,,-30.142405063291136,9870,7584
444,apache-jackrabbit-oak.csv,BATCHSTOP4,4,,,,5.643459915611814,7156,7584
445,apache-jackrabbit-oak.csv,BATCHSTOP4,8,,,,-2.294303797468359,7758,7584
446,apache-jackrabbit-oak.csv,BATCHSTOP4,16,,,,-7.594936708860757,8160,7584
447,apache-jackrabbit-oak.csv,BATCHDIVIDE4,4,,,,5.643459915611814,7156,7584
448,apache-jackrabbit-oak.csv,BATCHDIVIDE4,8,,,,-2.294303797468359,7758,7584
449,apache-jackrabbit-oak.csv,BATCHDIVIDE4,16,,,,5.643459915611814,7156,7584
450,apache-pdfbox.csv,BATCHBISECT,2,6529045.0,5848472.0,-11.636765979216449,-10.280373831775705,9912,8988
451,apache-pdfbox.csv,BATCHBISECT,4,7184903.0,5848472.0,-22.850942947149278,-20.68313306631063,10847,8988
452,apache-pdfbox.csv,BATCHBISECT,8,7652300.0,5848472.0,-30.842722680385577,-28.237650200267012,11526,8988
453,apache-pdfbox.csv,BATCHBISECT,16,7935140.0,5848472.0,-35.67885765717952,-32.86604361370718,11942,8988
454,apache-pdfbox.csv,BATCHSTOP4,4,4632301.0,5848472.0,20.79467936240441,4.194481530930133,8611,8988
455,apache-pdfbox.csv,BATCHSTOP4,8,5686797.0,5848472.0,2.7643972647898494,-3.3600356030262617,9290,8988
456,apache-pdfbox.csv,BATCHSTOP4,16,6289521.0,5848472.0,-7.541268898953433,-7.988429016466398,9706,8988
457,apache-pdfbox.csv,BATCHDIVIDE4,4,4632301.0,5848472.0,20.79467936240441,4.194481530930133,8611,8988
458,apache-pdfbox.csv,BATCHDIVIDE4,8,5686797.0,5848472.0,2.7643972647898494,-3.3600356030262617,9290,8988
459,apache-pdfbox.csv,BATCHDIVIDE4,16,6098006.0,5848472.0,-4.266652896688228,4.183355585224746,8612,8988
460,apache-sling.csv,BATCHBISECT,2,46736090.0,32018653.0,-45.96519722425549,-48.43312814773364,21220,14296
461,apache-sling.csv,BATCHBISECT,4,54234090.0,32018653.0,-69.38279695901011,-72.81757134862897,24706,14296
462,apache-sling.csv,BATCHBISECT,8,58058803.0,32018653.0,-81.3280621142932,-85.10772243984331,26463,14296
463,apache-sling.csv,BATCHBISECT,16,59977121.0,32018653.0,-87.31931352639975,-91.28427532176832,27346,14296
464,apache-sling.csv,BATCHSTOP4,4,31241205.0,32018653.0,2.4281096397153306,-23.76888640179071,17694,14296
465,apache-sling.csv,BATCHSTOP4,8,39014032.0,32018653.0,-21.847824141758863,-36.059037493005036,19451,14296
466,apache-sling.csv,BATCHSTOP4,16,42904896.0,32018653.0,-33.99969074276797,-42.23559037493004,20334,14296
467,apache-sling.csv,BATCHDIVIDE4,4,31241205.0,32018653.0,2.4281096397153306,-23.76888640179071,17694,14296
468,apache-sling.csv,BATCHDIVIDE4,8,39014032.0,32018653.0,-21.847824141758863,-36.059037493005036,19451,14296
469,apache-sling.csv,BATCHDIVIDE4,16,39258445.0,32018653.0,-22.61116980779923,-23.775881365416893,17695,14296
470,SonarSource-sonar-java.csv,BATCHBISECT,2,,,,25.961931214770033,9063,12241
471,SonarSource-sonar-java.csv,BATCHBISECT,4,,,,36.974103422922965,7715,12241
472,SonarSource-sonar-java.csv,BATCHBISECT,8,,,,40.045747896413694,7339,12241
473,SonarSource-sonar-java.csv,BATCHBISECT,16,,,,40.3153337145658,7306,12241
474,SonarSource-sonar-java.csv,BATCHSTOP4,4,,,,47.02230209950167,6485,12241
475,SonarSource-sonar-java.csv,BATCHSTOP4,8,,,,50.0939465729924,6109,12241
476,SonarSource-sonar-java.csv,BATCHSTOP4,16,,,,50.36353239114452,6076,12241
477,SonarSource-sonar-java.csv,BATCHDIVIDE4,4,,,,47.02230209950167,6485,12241
478,SonarSource-sonar-java.csv,BATCHDIVIDE4,8,,,,50.0939465729924,6109,12241
479,SonarSource-sonar-java.csv,BATCHDIVIDE4,16,,,,47.02230209950167,6485,12241
480,killbill-killbill.csv,BATCHBISECT,2,,,,-0.4219409282700468,6426,6399
481,killbill-killbill.csv,BATCHBISECT,4,,,,-2.1409595249257762,6536,6399
482,killbill-killbill.csv,BATCHBISECT,8,,,,-4.016252539459288,6656,6399
483,killbill-killbill.csv,BATCHBISECT,16,,,,-6.1415846225972786,6792,6399
484,killbill-killbill.csv,BATCHSTOP4,4,,,,21.565869667135487,5019,6399
485,killbill-killbill.csv,BATCHSTOP4,8,,,,19.690576652601976,5139,6399
486,killbill-killbill.csv,BATCHSTOP4,16,,,,17.565244569463985,5275,6399
487,killbill-killbill.csv,BATCHDIVIDE4,4,,,,21.565869667135487,5019,6399
488,killbill-killbill.csv,BATCHDIVIDE4,8,,,,19.690576652601976,5139,6399
489,killbill-killbill.csv,BATCHDIVIDE4,16,,,,21.565869667135487,5019,6399
490,checkstyle-checkstyle.csv,BATCHBISECT,2,,,,39.327813790300155,28360,46743
491,checkstyle-checkstyle.csv,BATCHBISECT,4,,,,58.701837708319964,19304,46743
492,checkstyle-checkstyle.csv,BATCHBISECT,8,,,,68.0957576535524,14913,46743
493,checkstyle-checkstyle.csv,BATCHBISECT,16,,,,72.48785914468476,12860,46743
494,checkstyle-checkstyle.csv,BATCHSTOP4,4,,,,63.74644331771602,16946,46743
495,checkstyle-checkstyle.csv,BATCHSTOP4,8,,,,73.14036326294845,12555,46743
496,checkstyle-checkstyle.csv,BATCHSTOP4,16,,,,77.53246475408082,10502,46743
497,checkstyle-checkstyle.csv,BATCHDIVIDE4,4,,,,63.74644331771602,16946,46743
498,checkstyle-checkstyle.csv,BATCHDIVIDE4,8,,,,73.14036326294845,12555,46743
499,checkstyle-checkstyle.csv,BATCHDIVIDE4,16,,,,63.74858267548082,16945,46743
