,project,BATCHSTOP4 MFU 2,BATCHBISECT linear 3,BATCHDIVIDE4 MFU 3,BATCHDIVIDE4 mixed 3,Baseline Dynamic BATCHDIVIDE4,BATCHDIVIDE4 16,BATCHSTOP4 16,BATCHDIVIDE4 exponential 2,BATCHSTOP4 linear 4,BATCHBISECT mixed 3,BATCHDIVIDE4 random_linear -1,BATCHDIVIDE4 random_exponential -1,BATCHDIVIDE4 4,BATCHSTOP4 mixed 2,BATCHSTOP4 random_linear -1,BATCHBISECT MFU 2,BATCHBISECT 8,BATCHBISECT mixed 2,Baseline Dynamic BATCHBISECT,BATCHSTOP4 random -1,BATCHBISECT random_exponential -1,BATCHSTOP4 8,BATCHBISECT 2,BATCHDIVIDE4 linear 4,BATCHDIVIDE4 exponential 3,BATCHBISECT 16,BATCHSTOP4 linear 2,BATCHBISECT random -1,BATCHBISECT 4,BATCHBISECT linear 1,BATCHSTOP4 4,BATCHSTOP4 MFU 3,BATCHBISECT linear 2,BATCHSTOP4 exponential 3,BATCHDIVIDE4 linear 3,BATCHDIVIDE4 8,BATCHDIVIDE4 MFU 2,BATCHSTOP4 random_exponential -1,BATCHDIVIDE4 mixed 2,Baseline Dynamic BATCHSTOP4,BATCHBISECT exponential 2,BATCHDIVIDE4 linear 1,BATCHSTOP4 mixed 3,BATCHSTOP4 exponential 2,BATCHBISECT exponential 3,BATCHBISECT linear 4,BATCHSTOP4 linear 3,BATCHBISECT random_linear -1,BATCHDIVIDE4 linear 2,BATCHSTOP4 linear 1,BATCHBISECT MFU 3,BATCHDIVIDE4 random -1
200,CloudSlang-cloud-slang.csv,49.668265709217,39.32096909787940,62.55620053564870,63.02090610529410,73.22010663106340,68.41891860966090,50.71356717919330,57.43794712856840,53.86901023547180,37.596035465907600,61.5927291784572,61.69575663315690,49.81383473579160,48.96960784175360,51.31082442192900,37.49625408169840,53.52425471706560,36.33190271009250,61.21863131554770,47.91148295083800,34.30588427899840,52.04761890547560,38.87769509293840,63.109961343534500,52.92534461272260,52.19020299078330,54.36979893651200,35.458427481138700,51.290470547381600,42.93878522633340,49.81383473579160,51.46654171647500,41.978983340131300,52.800723732585900,62.13948035586340,52.04761890547560,59.92090878683060,50.646697217364900,59.20921959290510,58.33301578295930,36.97758847071030,62.87102232873100,51.99885023242340,47.55808466786820,38.51735495122190,40.435829655629600,50.406582090064800,35.351024887951800,66.0378698814996,52.421215752192200,37.243295805935800,66.31006935770610
32,DSpace-DSpace.csv,66.19251275561770,63.22217197590560,79.94667413780300,79.67835253923050,80.99467023425960,77.81359903360480,63.39203930993470,77.1476304683218,66.220435500809,59.83186182659880,77.21080920491630,75.96810601993700,57.740165459159400,65.3187282646813,67.12693755176760,63.47930567320610,62.450076558200300,63.50666432253500,76.20897495320360,64.22889505842620,61.40042438812050,62.769352968832600,41.45366160399410,81.67722622782520,70.19561904350020,63.01883633482360,66.24817021404620,61.88761518132390,57.420889048527100,62.99418323149840,57.740165459159400,65.82227783789580,64.24704014200170,65.31807015284180,79.16634152807930,62.769352968832600,80.60158943410840,66.55372213954040,79.46371406356800,72.8684932717466,61.854427541416400,79.54184134051740,65.08660281728280,63.57397976212080,61.53326896372770,62.49072767426100,65.10662822039980,61.72402738121320,80.40377981834230,66.20247844918770,57.623708573034900,79.01572793280490
92,FasterXML-jackson-databind.csv,55.561728281696700,50.12626030743240,66.1391281457947,66.40588174077000,66.12489516568410,67.06596673202200,51.79447852760740,64.98442024327680,57.17648283165900,49.51347694869390,68.14245835705500,64.36643342944420,48.674498766681400,55.90928847342870,58.52509595783370,48.4343721878386,44.56233002340140,48.68964757304730,59.42743628828370,57.00369751397280,48.53461521980010,52.22614002909370,29.248150022136500,69.12070791476130,59.089670835552500,43.96148251217510,58.39791739362000,49.28513709573750,41.01068876098920,48.6276652403078,48.674498766681400,56.062790398707100,50.11799599640040,58.3149681977068,68.22525451017120,52.22614002909370,65.74657337177770,57.50583093056140,66.20906870397240,57.88935617956210,47.41847410209790,61.70425397758230,56.651086909943500,55.19702729671330,51.22847453061770,48.96405330786700,57.22499739827250,48.84819991062300,67.79107209540080,55.710179794677800,48.38417415045940,68.22158148304590
254,Graylog2-graylog2-server.csv,71.83593902608210,65.46593465480610,82.98952216507670,82.43534525851900,82.26009431005050,85.3881947775218,72.02726822402720,81.70539444998670,71.95929452956800,64.33290974099340,83.20316405328340,78.9868360297739,63.262688609147600,69.35295577935920,72.05564102256480,66.56659797518550,71.47768927748640,63.274328796865500,77.92542498431910,70.01606082502990,63.22581716868670,70.83514046909520,44.889409581619900,84.78042258949970,72.5662282162948,72.66981703241840,71.4748857731114,66.43096844529310,63.905237417538800,64.90689735683920,63.262688609147600,71.39056721075360,65.5326573697838,71.91238252387820,83.25204482511360,70.83514046909520,83.77259889742940,71.21285530460970,80.88180420190070,75.6991503851245,65.46445808020080,81.9230046324452,70.58057375382490,70.21841306990010,65.17265002382520,64.4423608336125,70.9620529555025,65.12955250253250,84.96062621529010,70.29356456491650,67.10631675539960,84.98477436248120
152,JabRef-jabref.csv,64.9511193903726,60.356004071193300,76.34313699715690,75.62739191995820,82.067031972388,77.27282632268720,62.69205905151080,75.08685087188890,67.00502514450110,62.02485531114210,77.46187011991990,75.41791700624570,56.81295339529580,64.19105689530200,67.1019225496787,61.34591622505740,59.35969766556220,59.771521176589900,73.09453881717560,65.69306056838970,62.091049759446600,61.92294082915760,38.35380475894490,78.2651233188488,68.96578920683090,60.12881588791540,66.50363740840750,60.59946819098550,54.2497102317005,61.493703546520100,56.81295339529580,65.53409999962440,61.18751901329900,67.3980605496111,78.04597744318550,61.92294082915760,75.39707279699240,66.24777943446470,74.26219010669980,72.25316512745010,60.89062987069080,76.96667931090170,65.91211255121850,64.77272300487120,62.2110448019049,61.43868234551810,66.06947694179770,59.67330927172960,78.6189115191485,66.13116453404740,60.81129042555990,76.86076819361450
218,SpongePowered-SpongeCommon.csv,57.17039868711690,47.49780278754320,68.78525910255210,68.11643800101630,72.5073953375022,79.32668704201540,63.31523822292770,64.80036477615660,60.12101520289540,47.41513185867320,69.53224652334880,67.44278821723760,58.48034998885980,56.77425229961940,57.50762866979850,46.4375019444358,59.38340919448220,47.74011189579900,62.540087784795000,59.83900719700510,45.738704124278000,63.416136323675100,37.72258013374140,71.14635509027370,61.20383909404850,59.28251109373480,59.09616790592040,45.74787537981310,54.44762285966680,47.56896913791490,58.48034998885980,58.12187593981060,47.02724932333630,61.10590434412880,67.61934298810530,63.416136323675100,67.6285142436404,58.8212894979726,66.09607198042080,62.09562216760520,45.309405106347700,62.66835573323380,58.46779106907670,55.421897198975400,50.58767331404450,47.718949952815000,58.77011842910330,45.11671151831920,70.16269742504850,58.666544815356400,47.584524624335,70.73646802310510
176,SpongePowered-SpongeForge.csv,52.64851251358300,45.01694238081720,65.9176149762861,65.19951392310940,70.4525723479946,63.76253016343730,47.32157858254420,61.63743455931860,57.65445871741240,45.60821321478550,66.87522386906700,65.4112597351925,45.97738717688590,54.10719582700520,57.48849007462250,40.8637732397592,45.64855406772220,43.51951293333280,59.47926885682910,56.89468444683710,39.94294903344390,48.3961237783521,32.7256730061528,68.20049856980300,57.619484597959100,44.586280819496800,57.54869142778000,43.52189684656560,43.22981746625600,46.32184820266520,45.97738717688590,54.33620237793840,44.21652088081670,57.59528335222860,65.50462464079110,48.3961237783521,62.62479710333420,56.08735261607320,62.913612717905500,59.24513236602780,43.69788396015670,60.73489707982700,55.086893637335600,52.81671418902140,47.10241381776460,43.11370451365300,57.14541780191730,41.41825938726190,67.31848084978360,56.93186142282200,42.705572532974200,68.70727627653270
38,apache-nifi.csv,36.4589959930412,27.484709452074100,47.9787029271613,47.54804596250540,64.64117504195160,47.00909394614780,27.243944801947700,43.94880249824090,38.99764151231820,25.78685757625340,49.08743427210580,48.39177456937360,32.56148348855830,36.96151064523460,36.72052569107990,25.746575203423500,19.641651761658500,28.345240724476200,44.62939605545810,38.82252202873480,22.333139381167900,30.556577370318500,17.970637177884300,47.18802378396520,39.83278535120630,16.32901919328770,40.37034835814480,22.40135282246870,21.646557879898300,28.420449161909000,32.56148348855830,37.71616311254830,27.87112184329400,39.54983042025990,46.54083989358800,30.556577370318500,46.25945027646130,36.869988702836700,46.25086550848120,42.75517733660390,26.193790253328900,41.60814471913260,36.647004857609000,34.851467616225200,26.492765192899200,26.830628397678700,39.35656307957880,19.681448854471600,44.45836106262310,40.478868630303900,24.60898338492750,48.84461496581870
272,apache-pdfbox.csv,15.405254569056700,8.08305143634098,19.56801708206860,20.224359456623900,36.03019728913810,9.567456251821,-10.164945647341700,17.9289906833785,19.391971099459800,5.564325177584830,21.338821490467900,20.41885470256160,2.662969062688520,15.777095282323300,11.455128792614500,5.981818840887000,-30.842722680385600,8.115162387714260,19.76685534272880,12.486817069484100,2.4557867422465200,-5.328810670547800,-11.636765979216400,22.11871750433280,17.236912479020200,-35.67885765717950,20.658130875893700,-2.716333428628890,-22.850942947149300,11.798927993499800,2.662969062688520,15.98025945922290,9.486341047712960,17.195380263426100,18.990276434596900,-5.328810670547800,18.610382335762200,15.458601836513900,18.565242340221500,20.15996656904570,6.412153465041800,22.713744718278500,16.675415390549900,15.158078896504900,4.755618219596500,6.9918433395936600,16.55555502360280,-4.25873629898544,22.972188291232300,21.68140669904890,3.7672916960190600,23.37766172087340
278,apache-sling.csv,1.3996997312785200,1.4537057508322000,2.551334686065640,2.551334686065640,3.8035984836713800,-20.885096447679300,-39.66949805506380,1.8287933599205400,1.8482976157679000,0.6385402908735780,2.038902136201690,1.9171730928218800,-21.687386757610500,1.7059399719282500,1.076853545338080,0.6979462877467030,-81.15198773275860,0.8555138156499000,2.063653333574020,0.792413097452922,0.22719881439110200,-33.591644089670500,-45.94823274049630,2.0991638842520800,2.009060156278280,-87.22984169815180,2.0433526669594800,-0.94209459717122,-69.24773040069850,0.9564799618522390,-21.687386757610500,1.7651960561863500,1.0607972796357200,1.9587426116895000,2.0322809957058500,-33.591644089670500,1.8694415408418300,1.2584289538976100,2.235290785030840,2.166790089514380,0.7271979867485360,2.516464387180800,1.7651960561863500,1.3916106964274800,0.4133434345285990,1.1852559818803200,1.7307224010954100,0.1843612846549260,2.175772353696460,2.2200902705057600,0.6068806204933140,2.1058880896707100
224,apache-zeppelin.csv,16.743625974526400,10.973776930789800,23.99869398558250,23.660727880631000,30.539065215311400,13.996029334080000,-6.213802730618330,20.126927124685000,20.699444154262900,9.179902169992180,25.42598192241270,23.606226388202900,6.170025419134020,18.042868172952400,18.748168599039000,7.63138019429924,-29.96517657576420,11.398426386860600,19.761148334627600,18.44840907466830,6.881093072477880,-1.1194850980849200,-13.19985927615750,23.743684274041400,21.09675205900600,-35.05949420829760,21.921265123164000,7.5046030954542000,-22.67566605854530,13.041593611320700,6.170025419134020,18.49197973703630,12.768667656047600,21.080291329125000,23.326017599610300,-1.1194850980849200,20.804791246281800,18.240096879844200,21.298086736255000,20.216516239441800,9.105686755784650,20.88152025131700,18.941583491156600,17.075498924749000,11.67224986514120,9.1634414401112,20.79497902994080,4.410296457639870,24.19817308007390,20.47198392459960,7.1373056227710800,28.384457270337700
44,caelum-vraptor4.csv,46.01628786885820,49.94800814393440,62.00706040667240,60.47745126309630,74.57510857122880,65.03659459350870,47.68345844019310,55.901731022972500,48.0361059410526,22.82835696996710,62.59469945211940,60.56832778462260,46.94888810022830,47.26584003984590,47.36501778208860,45.41641544551340,46.32748310889990,40.602581242736400,59.39130206831470,42.4008877937103,44.2083693781075,49.122466334982800,33.2029811368765,63.71798568694790,55.154184252147400,44.88847521411020,46.81320505762800,48.29125925149200,44.1539048741454,30.315184243409300,46.94888810022830,47.26016025725050,23.31594446046440,49.7985861710401,62.86427067222410,49.122466334982800,62.50513364965350,50.547443660925700,63.24437919976230,56.83583680673890,39.25341442315250,64.10639543520240,47.69968804886360,43.73083073374050,42.69579958231750,31.435849040116700,47.12777763214230,46.20983738345520,64.68573325993310,45.63749006038050,40.51388925297750,63.94867224159170
260,cloudfoundry-uaa.csv,70.40154605745440,68.083451205953,82.20139965366060,81.75112711616350,81.2714799044358,91.89586858822370,80.76918447765790,80.46709384295350,71.85420978734930,66.96919624525920,83.2137041464205,83.59453140611820,68.91252855495670,70.40154605745440,71.42517258273300,65.64274448155270,74.79141943109140,65.64274448155270,76.66090825657920,69.78817364136910,64.45288756178200,77.83515515361300,43.91252855495670,83.97499343896040,76.12266822218520,77.72544875513630,76.31916027041400,68.37177172069330,65.86879283243510,63.49082784927820,68.91252855495670,69.76834704064510,70.07065052642230,68.75181635141500,84.95301878257370,77.83515515361300,80.46709384295350,69.77820816574200,80.46709384295350,76.99983877843100,65.64274448155270,79.16166871106750,70.27476016335030,70.40154605745440,66.4233907974311,66.54036774170320,72.13757365190860,67.96344809630720,87.07754340068990,69.3137961314128,66.04616363102280,82.98689826918990
188,dreamhead-moco.csv,28.316622052499800,26.896299458333100,34.024246723579600,34.02403995895530,37.50394497504630,21.23436520682140,5.039072474533780,32.82899682127590,29.818710657156200,27.68610272931180,34.097328619851800,34.66675839497270,11.889976638817500,28.990975476023900,29.179356845478600,26.678181576557700,-21.36239799266880,28.013881049063600,30.707140653891200,29.649182462074200,27.36080558505080,7.765809949289140,-10.593504873771500,34.18806069631930,29.407812958465300,-24.146915880750300,29.738091250491800,27.32059926403070,-17.238231303140400,27.34024190333230,11.889976638817500,28.996482933741900,26.91197597620630,29.367963776341600,33.69616765528350,7.765809949289140,33.047885371196100,29.07719632432650,33.66022820423610,31.11380907617750,27.313174534342600,33.684118916726300,29.5751043362489,28.577070291889600,26.534724520912300,27.49706347241640,29.273265578445600,28.072696186264100,34.56995495726650,29.63645703929220,26.56246857412670,34.3560475551117
68,dropwizard-dropwizard.csv,71.33387870889080,68.18754905528720,82.06170623749970,81.72343860325800,79.97657788242910,79.94608886323130,67.16935686093270,82.14680452433610,72.68344992550340,66.4853241096433,82.82753897724460,82.02292858379650,59.202639555628,71.00149511702250,72.35127370076720,67.41889093836740,62.417071806794200,67.29574078279020,75.87413022448530,71.02210222577510,66.78268857707780,65.61169356329110,38.8164173425059,84.97327037667200,71.73829645827310,63.97473510443590,70.42675118950970,66.07797729952010,56.09895993573420,66.70399275044510,59.202639555628,71.23610510610460,65.77900573681170,71.17576127066280,82.50697531190610,65.61169356329110,82.85294145092710,73.20173815130130,81.83927906742850,74.65680739637090,68.27682060565720,81.92165566065610,71.01958789929840,71.44593472290050,66.45274154901170,66.93528486541360,72.02052312506420,64.08248338730060,83.52921751049540,71.0902482495622,66.96198338367170,83.0276741806147
74,essentials-Essentials.csv,-1.2289033389347600,-20.279096953313400,4.028640315627950,4.028640315627950,21.443705706144500,-7.921491590846440,-28.032809484422400,3.1869657339080800,-0.38430627602835400,-22.621465624315000,-10.655366406078800,2.1377949879447600,-12.47415219189410,-1.2289033389347600,-8.612552056696120,-24.494776064879100,-51.8420871243452,-24.494776064879100,3.8313728355373700,-10.012420545042700,-32.29049462994080,-24.715674110835400,-21.233112765370800,4.031562796814500,4.028640315627950,-56.34477529638820,2.6375392708409600,-51.948564331117100,-39.60056520540390,-18.180755461386700,-12.47415219189410,-0.3872287572148850,-20.93811646087530,-0.3872287572148850,-2.647767954993800,-24.715674110835400,3.1869657339080800,-10.252064002338000,3.1869657339080800,2.9984656973770900,-24.494776064879100,10.973916855410200,-0.3872287572148850,-1.2289033389347600,-22.621465624315000,-27.7650325126032,-7.063637027836630,-39.69167823482140,7.053408343683790,6.5580477825674000,-22.621465624315000,-4.92291955870536
170,floragunncom-search-guard.csv,67.79332793827190,65.25513537261590,79.65417719448560,77.94963573825650,78.27151360002440,88.93845350658390,76.74306923207860,76.7334265899186,70.73060606953920,64.13716896210370,80.56194541732010,78.13883692998810,66.1794596506777,67.74777739000110,71.8124078171968,62.99595180200440,69.96250400588070,63.13151936278680,71.72113554949270,70.76615261430670,63.76885616772490,74.3732900714069,41.1775625036255,81.38279672758780,68.33685343659390,72.3322831665524,69.23813617426750,65.13406030360060,61.768673585151500,63.45990172873370,66.1794596506777,69.19886190195890,64.15207036275930,68.24615173943180,81.46872465121500,74.3732900714069,77.4633479748074,70.89708904418970,77.29506770294960,72.16135925118320,62.977113464608900,77.41079842788800,67.93991702002420,67.6096802998158,62.91805941351050,64.63600927747700,70.44664262028820,64.64917994748850,82.067215111751,68.72203609999820,65.04238863651710,79.93668568885460
50,grails-grails-core.csv,22.560991316854300,4.822848801640040,33.041837950391200,33.15748800566710,62.3812104884672,29.19311533787410,7.0748099369753800,27.458972404984500,26.61309019094330,6.480159709774730,33.84999302343050,34.05016690100780,18.188734703106000,24.054889501872900,18.916055769622900,10.594189054299200,2.3346239719639400,12.371443291223500,35.25480578303940,19.48555850121820,-4.190342281230880,12.012717971907400,12.10406127236240,30.408290311155,27.671918771265100,-2.6032840629680900,27.692794813725600,1.2848694308192800,8.510640703162540,14.439888804216000,18.188734703106000,25.240154987173900,6.949629168500240,27.14443645418540,26.467548218828200,12.012717971907400,28.068348914338500,18.81543217164510,30.35279975099010,31.090706136161200,7.459670061930480,29.732582726014000,26.65816956283740,20.543313763161600,9.004067876654250,5.681879165816970,21.458639676287200,-0.7317884704139600,30.687997080574000,28.861155534566200,4.924760381672020,32.553048760853900
158,jOOQ-jOOQ.csv,59.666108488142200,52.406120215936500,71.71451888839850,71.63165053591180,71.67275826839720,72.36374509394990,57.56905943133620,70.5467932946034,63.58822142559200,53.97851516452160,73.31619705112470,71.09688729831520,53.00149349120560,61.611423113427100,62.45374473307180,51.06308223360070,51.84166667312750,53.55645965699220,63.09592005755080,61.521372998265000,50.5270132209722,57.44720770898860,33.459707654071400,73.53542217036740,62.459137100333100,51.96351839547510,62.058651061849,53.454947738772500,47.39595245534450,53.43154051227490,53.00149349120560,61.04391877595680,52.504754592882300,62.31233413332210,70.66825455358820,57.44720770898860,69.66244506374720,61.33904811418280,71.14868304124680,63.60173861527390,53.22759779710920,66.14367152503640,61.62443250170780,61.14886439889010,53.07610371239100,53.48771301966520,61.83546025547250,49.761442155979700,72.09466868981190,61.59222338425450,52.93154958015710,73.5055827927868
2,junit-team-junit5.csv,74.47773833872950,72.94053264116280,86.54088973270110,86.91173907859380,83.66581368259820,85.11642342717280,72.11551348339180,86.35928667296470,74.37440191753260,71.9508876843164,86.21956849400920,82.77033327524480,63.16103183392470,73.21354868888090,75.1096802991253,72.56387444319100,69.50665528649120,71.56108313690240,80.47644816210980,73.43703662939830,70.40237001164830,70.31361318219330,43.31402935803110,87.08141870511520,79.97291240556790,71.30855558768970,74.79111062194460,71.42503370662850,62.35407393822260,72.72224209461090,63.16103183392470,74.37562483375980,72.7363056312235,72.80692904334320,87.6424315243345,70.31361318219330,86.63933448898920,75.97153051023120,84.5157404604891,78.2369828210843,72.16398083690270,86.98113957448630,74.51870603234000,74.16772907513900,70.56471214080660,71.88943614390060,74.72904762341520,71.30121343862640,87.34893162981100,74.49241333345560,71.32597749222680,86.8771916951759
122,keycloak-keycloak.csv,48.26926602982360,42.05339729366150,62.262566668850000,61.48539961221610,77.86658803793190,60.61374804561820,42.6330166901177,58.82442885548970,50.04180802569510,41.67569020482980,62.967136504025400,59.85025344404150,43.51168531729660,48.23699816403950,47.01793878656610,43.1517752912268,41.62879736727660,43.93792389909730,62.09531265984700,47.46171504254300,39.52679930592330,44.37761961654540,31.389187135488600,64.36284765996640,50.24952282770780,39.8815637661577,49.14665405452420,40.82167611956680,40.76286306802790,41.54804264615780,43.51168531729660,48.10803623201580,41.91766633887660,49.442256621320100,59.90298172166700,44.37761961654540,62.66717459894640,47.59205706658590,61.57022050584540,58.63191697191160,42.81803399100930,62.08120505253880,48.26297894395800,46.108983895202400,41.8338093190385,40.09568199875880,47.067600193037600,40.058682388908600,65.89420214580210,48.36821643698360,43.854110691704300,61.92915396197040
146,linkedin-gobblin.csv,17.506428443730100,9.651308916352160,23.92936612069760,23.36556992337040,33.73880516788690,16.310598894348600,-3.047866619334360,21.047234420128600,21.19371907964800,8.571185117982790,26.66081606294740,25.5118328206877,8.084666136201800,18.55720632996810,17.18667200720040,8.575686231987420,-26.476282296278200,10.742605273498400,20.83581717978100,19.219216328183700,9.381132292807520,1.5959312730034000,-11.540641401215900,24.67283530406970,19.926913055789400,-31.120080188616000,22.377689405061700,10.36777986056340,-19.987547433079800,13.931260304320900,8.084666136201800,18.710176647190300,11.50821689762110,19.79228498925770,23.201427047371400,1.5959312730034000,21.918922016130900,19.112963014101300,22.20989834660490,21.39745149120730,9.219776222852600,22.497336277889500,18.432399643525300,17.53993767519400,10.29940177408070,9.385498288943320,20.594496666093300,5.1727004817712000,24.84676578069040,21.86897907387340,7.902630347996920,26.934725317617800
80,mybatis-mybatis-3.csv,76.16873087599070,68.90812427515940,84.30900583527770,84.8551473023664,81.76170301998630,87.98925978831750,76.3305240667297,84.77207018493400,75.73708897908770,68.55308262277440,85.35309698732430,82.75933383117610,65.42962325464170,74.80345736758720,77.06026281354720,68.727669617919,72.08908684212340,69.29824364520970,77.64462424357660,75.88583261002910,66.55403748057340,73.67668887068400,43.66311408961060,86.25569091079900,75.06904122080720,74.7429220381691,74.72323392188440,66.34270545394380,63.84202122608110,67.52582492756000,65.42962325464170,73.84427096542920,67.44733292313140,74.66327475183480,84.94947878808090,73.67668887068400,86.34457156287260,76.67755016450300,84.51389305272010,76.89965560350510,69.1029755459571,83.70399536486760,75.40102905326390,75.00969126157620,67.81048669852310,68.6923674541625,75.78723664858380,69.67627499006830,85.51447372682150,73.53334900180810,67.51598136327910,85.25119846196710
86,naver-pinpoint.csv,64.66265051748350,61.552943769853000,73.63368797712060,73.06830422682510,76.1865977842186,75.13551777220300,61.52192480803560,70.85040816182680,66.48696310811760,60.04070404150380,74.50608221678110,72.97839904699230,55.47288337594500,64.27688488484380,64.2832929518312,60.846582545835300,56.82703672279070,60.1158706672656,68.51364245421280,65.07725245156620,60.42954554629730,60.416306074827400,36.578389074650100,76.43689688074520,64.28130645106510,57.93265545599890,66.70304312693160,59.32716578246020,51.87513643617750,61.51327783520120,55.47288337594500,64.36191993376620,62.79880015353730,63.87573989143450,73.77671603227870,60.416306074827400,74.28353005030970,64.61170638493390,73.96959884859850,67.61555186593300,58.54640690071920,72.19437205108770,64.2445882272275,62.506720460253,60.12349626698060,60.57571355427920,65.92837190882860,57.6132641860185,74.31396836849970,65.77143834830790,59.680058031454600,77.39701755746270
242,ngageoint-geowave.csv,67.92142248902520,60.92060007836420,77.41323803681780,76.56012325729730,76.94731553470570,81.64662048561180,69.58735332384420,75.28297991716070,69.76327600861420,59.95178496962360,80.20816298175920,77.38877628875330,60.29244931282180,67.73746542047540,70.51839816680550,59.75219048754840,66.34868817849760,60.12675239495860,70.97902291945750,69.43274131179910,59.2408002278111,66.93121866880630,42.01453486094070,78.4112498064019,68.47576151704560,68.80804292684680,69.92823438723520,62.14927648919010,59.7099188225131,60.650501446155700,60.29244931282180,68.57678086150620,60.94355436874420,68.40692226143060,77.74864933956230,66.93121866880630,76.18669489509100,70.35461662851780,75.53528818714040,70.67424882458640,59.72520187830020,76.11334507418520,68.63731532413390,67.49216702552430,58.71582316930970,60.68233910988760,69.32809304831760,58.24971961483870,78.91445335077730,68.54165670386700,59.47091384013430,80.07394808087450
194,nutzam-nutz.csv,26.393460561294600,21.153833335740300,34.59094903290380,33.9549573468982,47.50260784363830,39.20893480164740,20.045782464785200,31.510444149931800,30.95410417377180,18.286260691048000,36.48201060023170,35.53435521552070,26.409224135962400,26.584258067096300,28.05881451149730,17.672375964957700,1.626548892129780,19.220335292595100,31.45162186211700,28.676670714054800,16.261751959909700,23.68045222064700,3.667164320042760,36.64017534485190,30.15361559884870,-2.00812086373206,31.124183347793600,19.036147656717800,4.355320807445150,23.286405108374100,26.409224135962400,27.454011413412400,20.52867294919070,30.10554129280170,35.04766882663140,23.68045222064700,31.999352343837700,27.39341168158420,32.09608417974850,32.704719891487000,18.61630982626600,32.87890940478950,27.764925252924700,26.30700457358560,19.82213895390750,21.55720203650650,30.038526098988100,16.407030235433600,35.29926047220020,31.702047060052100,17.353047038944900,38.70087172519830
110,open-keychain-open-keychain.csv,37.13937836584960,26.491275259968100,51.36107661403400,50.292589264764000,71.14039706294750,48.01751391285030,27.890814932466800,47.58274052411390,40.5348445914624,29.577698545781300,51.42889437026780,48.12928868616690,33.64064834338950,38.31560151774420,34.83328850303030,28.41878752153290,23.025196788101700,29.987180441015700,49.297642689131400,33.1100879627775,24.544877040971100,31.39131546037920,21.207778416749600,49.08660642237010,44.9032237757035,19.478599008680900,40.30778387597080,23.28381015606670,25.651218762646300,29.62691649545310,33.64064834338950,38.8296715560312,30.143848042441900,42.00465853616660,47.55541311601130,31.39131546037920,47.02131251681140,38.14992016390720,47.62609238094690,46.95778702363030,28.84071697962030,47.92182930528290,39.14486673953980,37.08458047420920,30.211808874110800,27.043975665730000,38.30601546359300,22.885917371074700,49.55718152838900,42.53346534426810,29.40014193083160,52.94663858572790
140,orbeon-orbeon-forms.csv,20.89020934976890,9.912282795712740,28.428306747632600,29.20404487037060,41.49267982761380,17.41521387440620,-2.1559737520850600,26.291510509722000,23.48753468199070,12.425361418018300,29.174407950186500,28.046515642013900,8.992738004674240,21.119886299993900,18.47735272892870,12.12620113075680,-21.829959395170200,12.140964503636700,27.229902807795200,19.172222824101000,7.223292342326640,2.2851094094992800,-7.104936354568840,30.126351702470300,25.182458028134900,-26.267561811271700,24.48505392119960,7.949672322899200,-15.120203677755700,14.2038337027237,8.992738004674240,21.438474010771400,11.03330756475960,24.920977394044300,26.762542899166500,2.2851094094992800,27.513822299670800,21.474170524301700,26.962068781893200,26.903859960961500,12.294106953658800,24.572679313466400,22.59365285140590,20.583704100875700,12.955116775708700,8.866286809734280,20.464385199167800,5.155722367795280,30.766061135788100,23.487093984292800,11.129636736560100,30.65030454047170
26,osmdroid-osmdroid.csv,20.049532536794100,13.618804567438700,26.913174631045500,27.054542616068900,34.64662717185000,19.043838399741700,0.0005042642546442270,24.814918154843800,24.24852995708830,15.111855237632800,28.52656341088900,28.226533077474300,10.340498835009500,21.95799152444040,19.995658348309900,9.540453612737880,-23.434168441630200,14.213861057807100,22.59357479600710,21.74161375352090,6.519349467632280,4.2669160346788,-9.976102543443520,29.015360442989400,25.049321533226800,-27.70058021205430,24.702932086189200,10.128955336756000,-17.36058564129950,16.929252309960400,10.340498835009500,20.49631386899580,13.712870750667900,24.94385499024320,27.58964590077340,4.2669160346788,26.357041470967100,19.13936270226940,26.540372294870400,23.655138588817000,11.00086260372760,23.962164197073300,22.024728560870200,20.326497845605100,16.48682320165270,13.767863830720000,24.023817765513600,8.259745655683250,27.999618343443100,23.598982566347800,10.021902963203700,32.471431482560400
14,p6spy-p6spy.csv,36.82246680049610,24.226781464648300,42.89495708866620,43.19396164225820,56.27586337672590,39.84209534648220,20.29362779293310,41.35528619191970,41.99548691887400,18.56103735358990,45.32138464362950,46.17125056995320,26.85715041902270,37.27351633319920,37.02071138777240,24.685890070790600,14.868420140562700,26.073774568322400,41.065288838054000,36.96110872164130,17.549472798687800,23.413029244940000,17.913021998138500,46.48098618924770,39.628058676950100,11.749018688555800,41.291029087652600,13.077031813084700,18.3125413146454,30.812078784122800,26.85715041902270,37.08238269307520,24.189287379663400,39.25992709770790,42.32047875205890,23.413029244940000,42.47894513193180,35.1170461901269,42.892371289701700,41.50720188108260,25.401983997352100,43.34531707497870,37.49951516269420,36.73351531611820,21.68343269984130,27.120764569037800,38.72044324041980,11.149146298471900,45.25174045818630,41.67204656506780,17.735262454285200,47.26784481413710
62,puniverse-quasar.csv,57.59565176308190,49.865658213131000,72.49269747626420,70.61632889498750,78.28325986302890,74.78506003013210,57.08933529949960,68.37678557489660,59.98555928498950,53.06469768989640,69.69123984733510,69.92500277311030,54.95004437580880,56.26137488753500,57.99960149378210,51.42917887177550,56.79224011595960,49.834743168905000,65.16346971558160,61.175942549371600,53.584809928967300,58.02916581475010,38.79896330800240,73.35790788343900,59.61211376736280,55.8524096007091,58.57815446429670,53.44995460315770,53.71311867701840,52.25268991697100,54.95004437580880,60.00866853731780,50.71166226392620,59.33007818116830,70.3511373860457,58.02916581475010,70.20354629450840,59.93934078033270,70.31447070568470,64.51805397499680,51.43390343002930,64.99184500162280,59.390367652798400,56.32269143704630,51.26340850173990,51.22119560082000,55.97420391193420,54.42341901901740,72.87240816896660,58.40817307494790,52.981093550361700,74.27775883389690
128,rackerlabs-blueflood.csv,45.26958217692420,34.511624038621000,57.12501964477920,56.51318265945220,71.6849288854493,56.75686126584360,38.56834642676300,54.15885150995220,50.914857141725600,35.3632308420423,59.68090217827070,55.84737541249540,40.4828363707654,44.35278981067380,46.99092388698940,33.732799679418800,34.390094557679400,35.178673429691300,52.62989812078000,46.16759836476230,32.806124166525800,40.67041659553300,26.462635631697000,61.53421719987950,49.59312579445470,32.28802438890940,47.64105131477350,34.23748823338480,34.20251433291180,36.04172956146370,40.4828363707654,45.43192501193990,36.592989518644000,49.00517758070290,56.85210798156800,40.67041659553300,57.40360196590010,45.61534829270890,54.86593754607410,53.44209835225080,33.699531819681700,52.97899462295620,46.545174171107300,42.658127195917300,36.450232956027600,37.4121025521381,46.87565651366870,34.09424561437620,58.93291539684430,45.840392402326500,33.85415175868700,60.57112346174400
8,ratpack-ratpack.csv,12.095826365969200,0.4860858911375060,16.197924357372900,16.976040914224600,56.357528544575800,7.739632055228600,-13.97862507673440,12.573830779852600,13.009582037969000,-2.4553722867188400,21.628627186488600,17.417977994436800,1.157584709706500,11.662319962645600,6.019004441819360,2.8391925706281100,-27.806688664782900,2.3283135054455200,23.871785866793300,9.804777450084400,-5.165560535253210,-8.114442385770640,-6.559628052182720,15.468346549708100,14.555987676246000,-33.67087135574670,17.66471247899810,-6.153945157698560,-18.534661569305800,4.761785986518900,1.157584709706500,12.594383672622400,-1.4217912544448000,13.990982667725600,13.25861126298520,-8.114442385770640,14.828014191473100,10.236038998615200,14.381437744689200,20.745251882684900,0.7560670942200430,18.25046992293660,13.39819134543630,9.49009869379384,-3.0539004601453400,-2.6503753397213600,12.149603109672600,-9.654372178965820,19.033076189374000,17.609439165432800,-4.221823580353840,21.370468885314900
182,sakaiproject-sakai.csv,58.50439075474690,52.627830703148700,72.37782846058960,70.86942167831710,80.6646733980961,72.53547384872900,56.906905967643900,70.47112560107180,60.818782056502300,52.6630256888218,72.91540944115600,68.98055375906540,53.19311554745500,57.75950937380890,58.97509950366450,53.08548863778870,55.69008021245920,53.1386416846174,70.32723245874700,58.11879371780940,52.59056025105400,56.9638309387123,38.20962151434070,75.07039436852090,60.65137282430000,55.63315524139090,60.13394849220000,52.71538724421860,51.919364821201900,54.63617865122470,53.19311554745500,59.498556759345600,52.77726428549690,60.54737085014450,71.85658738091790,56.9638309387123,71.88872193305430,59.44798925119460,70.54637005320050,67.73631163937400,55.41133018225940,72.65015427926880,57.23876077769490,58.78670695416680,53.86619819754540,54.09358489158940,59.296058073661100,52.91093839400060,74.72391459701920,59.80700976471770,54.42224731152350,72.97195710679280
98,samtools-htsjdk.csv,73.96105716722450,67.24460336286070,82.24585273377610,81.83033425657740,79.94859395914500,82.5436854011131,69.44120347464780,79.57214031901780,73.49620906843860,67.31516642441780,82.52112492653350,82.2813395602449,61.02344082686580,73.33431875264690,74.67460633084980,68.78772308309550,67.69409511713030,67.33381900428070,75.84696203437470,73.95812437164860,67.09696643356810,67.83360040565460,42.8895994407481,84.26150447720570,72.02429762478750,69.30169818612360,73.49773412213800,66.95367004172780,60.88393553834150,67.54445238254450,61.02344082686580,71.85378489000260,67.48086937445820,71.40676818831830,83.7190546074805,67.83360040565460,83.68978530763270,73.110898385672,81.5610449667949,75.34785888326180,66.09406765842080,80.85412392117120,72.57671899947090,70.85510934048470,65.83340078763160,67.8295201125255,73.39983740581330,67.04781277971540,84.80465821786920,72.51536491602230,66.06497432630750,83.27549860457590
248,sparklemotion-nokogiri.csv,57.77271052945740,54.5892977946841,64.91627646190310,65.30791824015530,60.68029296733500,59.46891572488940,47.18708881751940,63.720522916898400,59.59328487277570,56.46583918427900,65.30947429750390,64.15880815190390,42.61425945400730,59.10163452345360,59.73247547806670,53.95404375939370,31.67903945028660,56.74267709208080,56.49165443078400,59.71746335102310,55.39536101040670,46.037254996293000,19.448742688234600,66.50721755518390,58.78219635709120,32.8064100061774,58.228495032350700,55.5768585191844,28.256043908000900,53.512238263501200,42.61425945400730,58.6477759603935,54.39149994745120,58.7659980551834,64.82314260321760,46.037254996293000,63.6390084700538,60.78056938434210,64.58704278698550,57.32928520337410,55.04736536532660,62.06517125303940,59.602684989709600,58.22952815239360,56.20982948672560,55.38673892214710,58.76384253311850,54.39630841974980,64.93834186528930,57.64631275630310,54.2605870570721,65.80671114779890
56,square-wire.csv,73.14351164164150,70.93795300391930,84.31733987150350,84.22392039658540,83.96943286146360,81.57343125157950,67.78212199146680,87.37154822198760,75.44463732841780,69.0076417846341,85.26048284625160,83.09035918177430,59.86739411598560,71.20711562897080,72.71041752420500,70.06102689836610,64.72230068235540,66.63922544159490,78.79198954847250,71.53819997494500,65.99495320078030,66.40477500111500,40.90192813712520,88.61105642751040,77.04601177586480,66.09964767270730,75.31112980296010,67.27526531488810,58.18491979722600,67.80571612649210,59.86739411598560,72.25548973638530,72.12699321724500,72.90513091254010,88.95108899905150,66.40477500111500,86.10877462999090,70.1243803353795,83.63226372210390,76.36916799398680,70.92721513323910,85.32061492206100,72.50747176834830,74.9925729727795,69.71455160441680,74.02258532133080,74.68296436816580,69.95901712690370,87.96571039962780,72.03285788428160,68.9396352703259,83.80120622080640
164,structr-structr.csv,20.047451254857200,12.304945836870600,27.234527517012000,27.655925928077300,41.95546268813060,19.080609827913400,-1.3703592226657300,26.38211206423400,24.17357798587840,11.722344295585900,30.693670635836800,28.322121934898300,10.124818425701800,21.327999144660600,18.04158772973830,11.2907267047743,-20.355835896093700,15.83680462198340,24.542069005848100,20.424261356605000,6.818368650706960,3.5682313681868900,-6.43597199502716,29.102540411293400,22.66367941074520,-25.360800889877600,24.521010407122100,8.100245624581410,-13.79924883857880,17.80759017269330,10.124818425701800,20.94943662095240,14.570847121760200,22.34731802156290,27.652686900970700,3.5682313681868900,26.423707473124700,19.371941814471500,27.462293146523800,24.781983448276100,12.484066989381400,25.839491340820400,21.134405743375900,20.379436765674900,11.229647907908500,11.579098567926700,22.85783398085980,6.096813831059240,27.63236668228420,25.385663278421200,9.54124841949752,31.245112539455300
230,typetools-checker-framework.csv,56.19328695740740,45.45509710368760,63.68264145770810,64.25379479759750,64.92660196070770,61.92105688136920,45.703465689906100,63.94139362135350,57.28380108768230,45.0499946896843,65.3161765848854,63.39304429828510,44.4781295701186,56.82863235776940,56.21949633712900,44.87632395258840,37.71071262759820,46.5937462740855,58.13429947736680,54.952676400499800,40.63811014495290,46.71574631909430,25.754545222477400,65.27892263517010,56.507297991947,36.70284129046740,56.77656549506200,42.26701519775500,35.47309587862240,47.81602217980190,44.4781295701186,55.53713808702230,44.37592125249300,56.07350906686880,63.29346306371330,46.71574631909430,64.35237021708950,55.301087419101500,64.29167218641170,58.05255968438800,45.521890983333300,60.08664196388530,57.03455844842690,56.07398842226490,44.02874879956800,45.93337741371030,55.86194708675640,39.691976197483100,64.83754714896730,55.6350983799367,43.425716940416900,66.25979738007620
134,xetorthio-jedis.csv,55.93435635424420,52.98561443002870,68.64302121668680,67.631232600235,74.3443221633752,75.63694535972590,60.76555203180000,67.67869051441560,60.16534407869900,51.31876545910680,67.41581953995820,68.4634221213864,55.60086693129180,57.27940891079680,57.897243912508100,49.05454660931730,53.96328841949880,50.55873313832660,60.69937793083490,57.45724377136930,51.10105889368370,60.54301219286040,33.43942064712640,71.58400050809960,58.3019593590888,54.185828258438400,57.90006668807270,53.33405078878940,49.02114315793020,50.93186878327790,55.60086693129180,57.98951338877740,49.44797095363940,58.16823036671380,69.78359896827550,60.54301219286040,66.94600383191780,59.06252095028740,66.86026202414180,61.64818336750070,51.30782720379380,64.01684491318200,56.91086027613800,57.62625745830230,51.15769082844940,50.00282277556460,58.10895207985630,51.60086659209840,68.20831377973180,57.63737213708810,53.24283985335680,69.77072005476190
116,yegor256-takes.csv,41.9796498950658,37.13697934313460,53.48654039925290,53.46918494010430,63.76627834287420,51.17485463315430,33.96478725813140,51.33717180080580,44.160855259339800,37.28007897286630,55.89071366864010,51.159471797102500,35.89161892311040,43.11267396222370,42.55641491486150,38.30880446864380,23.549898958827300,38.231312896266900,50.78146547507250,41.97937353425130,39.46929880075990,35.91118630454190,18.30925861840620,54.795219400087,47.79721085611610,21.603499912416700,44.40438440904940,36.227807535696100,23.530331577395800,40.590162992081200,35.89161892311040,43.638699136483,38.13055174331170,45.632144963407100,52.71201158062360,35.91118630454190,51.76425980348540,43.924677307295000,51.91045467433920,49.33593259891370,38.80039508542040,52.65690523421860,43.85398421095400,42.22555574777990,38.24800508946080,37.33518531927140,43.659260381079500,36.70828844773110,55.71655108336200,46.10687757050100,36.44618785128910,55.0846244449984